# ProBuilder 5.2.2
# https://unity3d.com/unity/features/worldbuilding/probuilder
# 7/14/2024 12:10:03 PM

mtllib ./Краска-01.mtl
o Краска-01

g Краска-01
v 35.23062 -217.1434 0
v 35.23062 -216.8434 3.552714E-15
v 35.23062 -217.2734 3.774758E-15
v 34.16062 -216.8434 2.8
v 35.23062 -216.8434 2.55
v 38.23062 -216.8434 2.55
v 34.16062 -216.8434 0.8
v 33.01062 -216.8434 5.77316E-15
v 33.63562 -216.8434 0.8
v 33.63562 -216.8434 2.8
v 33.01062 -216.8434 2.1
v 31.48562 -216.8434 2.8
v 32.11061 -216.8434 2.1
v 38.68062 -216.8434 3
v 38.68062 -216.8434 0
v 38.23062 -216.8434 4.440892E-16
v 29.68061 -216.8434 3
v 31.48562 -216.8434 0.8
v 30.96062 -216.8434 2.8
v 32.11061 -216.8434 5.77316E-15
v 29.68061 -216.8434 0
v 30.96062 -216.8434 0.8
v 24.45616 -219.3734 3.0098
v 35.62616 -219.3734 3.0098
v 30.04116 -213.7884 5.042573
v 40.01616 -218.1734 3.0098
v 40.01616 -206.9134 3.0098
v 34.38616 -212.5434 5.058952
v 30.08616 -212.5434 5.058952
v 29.99616 -212.5434 5.058952
v 24.45616 -218.1734 3.0098
v 20.25616 -218.1734 3.0098
v 26.88616 -211.5434 5.422922
v 28.99616 -211.5434 5.422922
v 20.25616 -204.9134 3.0098
v 35.62616 -203.5534 3.0098
v 28.83616 -203.5534 3.0098
v 32.23116 -206.9484 4.245479
v 34.48062 -211.9034 0.81
v 34.48062 -211.3734 0.81
v 34.46062 -211.9034 0.81
v 39.11061 -217.2734 0
v 38.23062 -217.1434 0
v 38.23062 -217.2734 8.881784E-16
v 38.68062 -208.2434 0
v 39.11061 -207.8134 0
v 38.38062 -208.2434 4.440892E-16
v 38.38062 -207.8134 6.661338E-16
v 38.74062 -217.2934 4.440892E-15
v 38.74062 -217.2734 4.440892E-15
v 39.13062 -217.2934 0
v 39.11061 -216.9034 4.440892E-15
v 39.13062 -216.9034 4.440892E-15
v 39.13062 -208.1834 4.440892E-15
v 39.11061 -208.1834 4.440892E-15
v 39.13062 -207.7934 0
v 38.74062 -207.8134 4.440892E-15
v 38.74062 -207.7934 4.440892E-15
v 32.11061 -217.1434 5.77316E-15
v 32.11061 -217.2734 5.77316E-15
v 30.11062 -217.2734 0
v 30.11062 -218.4734 0
v 29.68061 -218.0434 0
v 25.35061 -218.4734 0
v 25.78062 -218.0434 0
v 25.35061 -217.2734 0
v 25.78062 -216.8434 0
v 21.15062 -217.2734 0
v 21.58061 -216.8434 0
v 21.15062 -205.8134 0
v 21.58061 -206.2434 0
v 30.11062 -205.8134 0
v 29.68061 -206.2434 0
v 30.11062 -207.8134 0
v 29.68061 -208.2434 0
v 32.88062 -208.2434 5.77316E-15
v 32.88062 -207.8134 5.77316E-15
v 29.74061 -218.4934 4.440892E-15
v 29.74061 -218.4734 4.440892E-15
v 30.13062 -218.4934 0
v 30.11062 -218.1034 4.440892E-15
v 30.13062 -218.1034 4.440892E-15
v 21.13062 -216.9034 4.440892E-15
v 21.15062 -216.9034 4.440892E-15
v 21.13062 -217.2934 0
v 21.52062 -217.2734 4.440892E-15
v 21.52062 -217.2934 4.440892E-15
v 38.23062 -217.1434 2.55
v 38.23062 -217.0484 2.55
v 38.23062 -217.0484 3
v 38.23062 -217.0934 2.55
v 38.23062 -217.0934 3
v 35.23062 -217.0934 2.55
v 35.23062 -217.1434 2.55
v 35.23062 -217.0934 3
v 35.23062 -217.0484 2.55
v 35.23062 -217.0484 3
v 33.01062 -217.1434 5.77316E-15
v 33.01062 -217.2734 5.77316E-15
v 32.23116 -208.3084 4.245479
v 28.83616 -204.9134 3.0098
v 34.48062 -209.4434 0.07
v 34.48062 -208.9134 0.07
v 34.46062 -209.4434 0.07
v 33.90562 -209.4434 0.07
v 33.88562 -209.4434 0.07
v 33.88562 -208.9134 0.07
v 34.47962 -208.9134 0.07
v 33.88562 -208.8934 0.07
v 34.47962 -208.8934 0.07
v 34.48062 -210.4034 0.07
v 34.48062 -209.5134 0.07
v 34.46062 -210.4034 0.07
v 33.90562 -210.4034 0.07
v 33.88562 -210.4034 0.07
v 33.88562 -209.5134 0.07
v 34.47962 -209.5134 0.07
v 33.88562 -209.4934 0.07
v 34.47962 -209.4934 0.07
v 34.41062 -211.3034 0.07
v 33.88562 -210.4234 0.07
v 34.41062 -210.4034 0.07
v 33.88562 -211.2834 0.07
v 33.88562 -211.3034 0.07
v 34.41062 -211.3024 0.07
v 34.43062 -210.4034 0.07
v 34.43062 -211.3024 0.07
v 34.41062 -211.2834 0.83
v 34.41062 -211.3034 0.83
v 34.41062 -210.4234 0.83
v 34.41062 -210.4034 0.83
v 34.41062 -210.4034 0.81
v 34.41062 -211.3034 0.81
v 34.41062 -210.4234 0.81
v 34.41062 -211.2834 0.81
v 34.41062 -210.4234 0.09
v 34.41062 -211.3034 0.09
v 34.41062 -210.4034 0.09
v 34.41062 -211.2834 0.09
v 34.41062 -210.4234 0.07
v 34.41062 -211.2834 0.07
v 34.48062 -208.8434 0.07
v 34.48062 -208.3134 0.07
v 34.46062 -208.8434 0.07
v 33.90062 -208.8434 0.07
v 33.88062 -208.8434 0.07
v 33.88062 -208.3134 0.07
v 34.47962 -208.3134 0.07
v 33.88062 -208.2934 0.07
v 34.47962 -208.2934 0.07
v 34.48062 -211.9034 0.07
v 34.48062 -211.3734 0.07
v 34.46062 -211.9034 0.07
v 33.90562 -211.9034 0.07
v 33.88562 -211.9034 0.07
v 33.88562 -211.3734 0.07
v 34.47962 -211.3734 0.07
v 33.88562 -211.3534 0.07
v 34.47962 -211.3534 0.07
v 33.90562 -211.3734 0.07
v 34.46062 -211.3734 0.07
v 34.46062 -211.3734 0.09
v 34.48062 -211.3734 0.09
v 33.90562 -211.3734 0.09
v 33.88562 -211.3734 0.09
v 33.90562 -211.3734 0.81
v 34.46062 -211.3734 0.81
v 33.88562 -211.3734 0.81
v 34.46062 -211.3734 0.83
v 34.48062 -211.3734 0.83
v 33.90562 -211.3734 0.83
v 33.88562 -211.3734 0.83
v 33.90562 -209.5134 0.07
v 34.46062 -209.5134 0.07
v 33.90562 -209.5134 0.09
v 34.48062 -209.5134 0.09
v 33.88562 -209.5134 0.09
v 34.46062 -209.5134 0.09
v 33.88562 -209.5134 0.81
v 34.48062 -209.5134 0.81
v 33.90562 -209.5134 0.81
v 34.46062 -209.5134 0.81
v 33.90562 -209.5134 0.83
v 34.48062 -209.5134 0.83
v 33.88562 -209.5134 0.83
v 34.46062 -209.5134 0.83
v 33.90562 -208.9134 0.07
v 34.46062 -208.9134 0.07
v 33.90562 -208.9134 0.09
v 34.48062 -208.9134 0.09
v 33.88562 -208.9134 0.09
v 34.46062 -208.9134 0.09
v 39.11061 -217.2734 3
v 26.83061 -218.0434 2.8
v 28.63062 -218.3434 2.8
v 28.63062 -218.0434 2.8
v 26.83061 -218.3434 2.8
v 28.63062 -218.3434 0.8
v 28.63062 -218.0434 0.8
v 26.83061 -218.0434 0.8
v 26.83061 -218.3434 0.8
v 25.35061 -218.4734 3
v 25.78062 -218.0434 3
v 29.68061 -218.0434 3
v 30.11062 -218.4734 3
v 25.78062 -216.8434 3
v 25.35061 -217.2734 3
v 30.11062 -217.2734 3
v 37.38062 -208.2434 1.8
v 38.68062 -208.2434 3
v 38.38062 -208.2434 1.8
v 36.93016 -208.2434 2.1
v 37.38062 -208.2434 1.554312E-15
v 36.03016 -208.2434 0.6
v 36.93016 -208.2434 0.6
v 33.68062 -208.2434 5.77316E-15
v 36.03016 -208.2434 2.1
v 32.25562 -208.2434 2.8
v 32.88062 -208.2434 2.1
v 30.65562 -208.2434 2.8
v 29.68061 -208.2434 3
v 32.25564 -208.2438 -0.07653511
v 29.68063 -208.2438 -0.876536
v 30.65564 -208.2438 -0.07653511
v 32.88064 -208.2438 -0.876536
v 39.11061 -207.8134 3
v 37.38062 -207.9434 5.551115E-15
v 33.68062 -207.8134 5.77316E-15
v 33.68062 -207.9434 5.77316E-15
v 37.38062 -207.8134 1.776357E-15
v 30.13062 -206.1834 4.440892E-15
v 30.11062 -206.1834 4.440892E-15
v 30.13062 -205.7934 0
v 29.74061 -205.8134 4.440892E-15
v 29.74061 -205.7934 4.440892E-15
v 25.33061 -218.1034 4.440892E-15
v 25.35061 -218.1034 4.440892E-15
v 25.33061 -218.4934 0
v 25.72062 -218.4734 4.440892E-15
v 25.72062 -218.4934 4.440892E-15
v 30.11062 -207.8134 3
v 31.5673 -207.9438 2.800003
v 31.5673 -208.2438 0.8000004
v 31.5673 -207.9438 0.8000004
v 31.5673 -208.2438 2.800003
v 32.25564 -207.9438 -0.07653523
v 30.65564 -207.9438 -0.07653523
v 36.03016 -207.9434 0.6
v 36.03016 -207.9434 2.1
v 36.93016 -207.9434 2.1
v 36.93016 -207.9434 0.6
v 38.68062 -212.9934 2.55
v 38.68062 -214.0934 1.95
v 38.68062 -212.9934 1.95
v 38.68062 -214.0934 2.55
v 38.68062 -214.8934 2.55
v 38.68062 -214.8934 1.95
v 38.68062 -211.0934 1.95
v 38.68062 -212.1934 2.55
v 38.68062 -210.2934 2.55
v 38.68062 -210.2934 1.95
v 38.68062 -212.1934 1.95
v 38.68062 -211.0934 2.55
v 38.98062 -214.8934 1.95
v 38.98062 -214.0934 1.95
v 38.98062 -214.0934 2.55
v 38.98062 -214.8934 2.55
v 38.98062 -211.0934 1.95
v 38.98062 -210.2934 1.95
v 38.98062 -210.2934 2.55
v 38.98062 -211.0934 2.55
v 38.98062 -212.9934 1.95
v 38.98062 -212.1934 1.95
v 38.98062 -212.1934 2.55
v 38.98062 -212.9934 2.55
v 32.23062 -212.8434 5.77316E-15
v 32.13062 -211.9034 0
v 32.13062 -212.8434 5.77316E-15
v 32.23062 -212.0034 0
v 34.48062 -211.9034 5.77316E-15
v 34.48062 -212.0034 5.77316E-15
v 32.13062 -213.7434 5.77316E-15
v 32.23062 -214.5034 0
v 32.23062 -213.7434 5.77316E-15
v 32.13062 -214.6034 0
v 34.48062 -214.5034 5.77316E-15
v 34.48062 -214.6034 5.77316E-15
v 34.48062 -214.6034 3
v 32.23062 -214.5034 3
v 34.48062 -214.5034 3
v 32.13062 -214.6034 3
v 32.23062 -212.0034 3
v 32.13062 -211.9034 3
v 34.48062 -212.0034 3
v 34.48062 -211.9034 3
v 28.58061 -213.7434 5.77316E-15
v 25.83061 -213.8434 5.77316E-15
v 28.58061 -213.8434 5.77316E-15
v 25.83061 -213.7434 5.77316E-15
v 25.83061 -213.8434 3
v 25.83061 -213.7434 3
v 29.73062 -213.8434 3
v 30.03062 -213.7434 3
v 29.73062 -216.8434 3
v 30.03062 -216.8434 3
v 29.48062 -213.8434 5.77316E-15
v 30.03062 -213.7434 0
v 29.48062 -213.7434 5.77316E-15
v 29.73062 -213.8434 0
v 30.03062 -216.8434 5.77316E-15
v 29.73062 -216.8434 5.77316E-15
v 21.58061 -210.3434 3
v 24.13062 -210.4434 3
v 21.58061 -210.4434 3
v 24.13062 -210.3434 3
v 24.23062 -210.3434 3
v 24.13062 -212.6434 3
v 24.23062 -212.6434 3
v 25.53062 -210.4434 3
v 24.23062 -210.4434 3
v 25.53062 -210.3434 3
v 24.13062 -210.3434 5.77316E-15
v 24.13062 -210.4434 5.77316E-15
v 21.58061 -210.3434 5.77316E-15
v 24.23062 -210.3434 5.77316E-15
v 24.38062 -210.3434 2.1
v 24.38062 -210.3434 5.77316E-15
v 25.28062 -210.3434 2.1
v 25.53062 -210.3434 5.77316E-15
v 25.28062 -210.3434 5.77316E-15
v 21.58061 -210.4434 5.77316E-15
v 24.23062 -211.4933 5.77316E-15
v 24.13062 -211.4933 5.77316E-15
v 24.23062 -210.4434 5.77316E-15
v 24.38062 -210.4434 5.77316E-15
v 25.53062 -210.4434 5.77316E-15
v 25.28062 -210.4434 5.77316E-15
v 25.28062 -210.4434 2.1
v 24.38062 -210.4435 1.608619
v 25.28063 -210.3435 1.608619
v 24.38062 -210.3435 1.608619
v 25.28063 -210.4435 1.608619
v 24.38062 -210.4434 2.1
v 29.68061 -206.2434 3
v 30.11062 -205.8134 3
v 24.23062 -211.4933 2.1
v 24.23062 -212.3933 2.1
v 24.23062 -212.6434 5.77316E-15
v 24.23062 -212.3933 5.77316E-15
v 24.13062 -212.3933 5.77316E-15
v 24.13062 -212.3933 2.1
v 24.23063 -211.4934 1.608619
v 24.13062 -212.3934 1.608619
v 24.23063 -212.3934 1.608619
v 24.13062 -211.4934 1.608619
v 24.13062 -211.4933 2.1
v 24.13062 -212.6434 5.77316E-15
v 21.58061 -206.2434 3
v 21.15062 -205.8134 3
v 26.58061 -205.9434 0.55
v 26.58061 -206.2434 2.8
v 26.58061 -205.9434 2.8
v 26.58061 -206.2434 0.55
v 28.78062 -206.2434 2.8
v 28.78062 -205.9434 2.8
v 28.78062 -206.2434 0.55
v 28.78062 -205.9434 0.55
v 34.78062 -208.2434 3
v 34.48062 -208.8634 3
v 34.48062 -208.2434 3
v 34.78062 -208.8634 3
v 34.48062 -209.3634 3
v 34.78062 -209.3634 3
v 34.48062 -209.8634 3
v 34.78062 -209.8634 3
v 34.48062 -210.3634 3
v 34.78062 -210.3634 3
v 34.48062 -210.8634 3
v 34.78062 -210.8634 3
v 34.48062 -216.8434 3
v 34.78062 -216.8434 3
v 34.78062 -208.2434 5.77316E-15
v 34.48062 -208.2434 5.77316E-15
v 34.78062 -208.8634 0
v 34.48062 -208.8634 0
v 34.48062 -209.3634 0
v 34.78062 -209.3634 0
v 34.48062 -209.8634 0
v 34.78062 -209.8634 0
v 34.48062 -210.3634 0
v 34.78062 -210.3634 0
v 34.48062 -210.8634 0
v 34.78062 -210.8634 0
v 34.78062 -215.6432 5.77316E-15
v 34.48062 -215.6432 5.77316E-15
v 25.83061 -206.2434 5.77316E-15
v 25.83061 -210.8934 3
v 25.83061 -206.2434 3
v 25.83061 -210.8934 5.77316E-15
v 25.53062 -206.2434 3
v 25.53062 -206.2434 5.77316E-15
v 25.53062 -210.8934 3
v 25.53062 -210.8934 5.77316E-15
v 21.58061 -216.8434 3
v 21.15062 -217.2734 3
v 25.53063 -212.3311 2.712738E-07
v 25.83062 -212.4311 3.000001
v 25.83062 -212.4311 2.593522E-07
v 25.53063 -212.3311 3.000001
v 28.03062 -212.3434 5.77316E-15
v 27.93061 -212.0034 0
v 27.93061 -212.3434 5.77316E-15
v 28.03062 -211.9034 0
v 25.83062 -217.2711 3.181622E-07
v 25.53063 -217.2711 3.181623E-07
v 27.93061 -213.7434 3
v 28.03062 -211.9034 3
v 28.03062 -213.7434 3
v 27.93061 -212.0034 3
v 25.53063 -217.2711 3.000001
v 25.83062 -217.2711 3.000001
v 27.93061 -213.2434 5.77316E-15
v 28.03062 -213.7434 5.77316E-15
v 28.03062 -213.2434 5.77316E-15
v 27.93061 -213.7434 5.77316E-15
v 34.78062 -216.8434 5.77316E-15
v 34.48062 -216.8434 5.77316E-15
v 34.48062 -216.5432 5.77316E-15
v 34.78062 -216.5432 5.77316E-15
v 33.01062 -217.1434 2.1
v 33.01063 -217.1435 1.608619
v 32.11062 -216.8435 1.608619
v 32.11062 -217.1435 1.608619
v 33.01063 -216.8435 1.608619
v 32.11061 -217.1434 2.1
v 31.48562 -217.1434 2.8
v 30.96062 -217.1434 2.8
v 30.96062 -217.1434 0.8
v 31.48562 -217.1434 0.8
v 34.16062 -217.1434 2.8
v 33.63562 -217.1434 2.8
v 33.63562 -217.1434 0.8
v 34.16062 -217.1434 0.8
v 36.83062 -209.8934 5.77316E-15
v 34.78062 -210.0134 0
v 36.83062 -210.0134 5.77316E-15
v 34.78062 -209.8934 0
v 34.78062 -209.8934 3
v 38.68062 -210.0134 3
v 34.78062 -210.0134 3
v 38.68062 -209.8934 3
v 38.68062 -209.8934 5.77316E-15
v 38.68062 -210.0134 5.77316E-15
v 37.73062 -210.0134 5.77316E-15
v 37.73062 -209.8934 5.77316E-15
v 25.83061 -216.8434 5.77316E-15
v 25.53062 -216.8434 3
v 25.83061 -216.8434 3
v 25.53062 -216.8434 5.77316E-15
v 21.58061 -211.6434 1.05
v 21.28062 -211.6434 2.55
v 21.58061 -211.6434 2.55
v 21.28062 -211.6434 1.05
v 21.28062 -212.5434 2.55
v 21.58061 -212.5434 2.55
v 21.58061 -212.5434 1.05
v 21.28062 -212.5434 1.05
v 21.58061 -209.1934 2.8
v 21.28062 -209.1934 0.8
v 21.58061 -209.1934 0.8
v 21.28062 -209.1934 2.8
v 21.58061 -207.3934 2.8
v 21.28062 -207.3934 2.8
v 21.58061 -207.3934 0.8
v 21.28062 -207.3934 0.8
v 21.58061 -215.6934 2.8
v 21.28062 -215.6934 0.8
v 21.58061 -215.6934 0.8
v 21.28062 -215.6934 2.8
v 21.58061 -213.8934 2.8
v 21.28062 -213.8934 2.8
v 21.58061 -213.8934 0.8
v 21.28062 -213.8934 0.8
v 30.07061 -211.9034 5.77316E-15
v 29.69062 -212.2834 5.77316E-15
v 30.07061 -212.2834 5.77316E-15
v 29.69062 -211.9034 5.77316E-15
v 30.07061 -212.2834 3
v 29.69062 -211.9034 3
v 30.07061 -211.9034 3
v 29.69062 -212.2834 3
v 24.38062 -212.6434 2.1
v 21.58061 -212.6434 5.77316E-15
v 24.38062 -212.6434 5.77316E-15
v 21.58061 -212.6434 3
v 25.28062 -212.6434 2.1
v 25.53062 -212.6434 3
v 25.53062 -212.6434 5.77316E-15
v 25.28062 -212.6434 5.77316E-15
v 24.38062 -212.7434 2.1
v 24.38062 -212.7434 5.77316E-15
v 21.58061 -212.7434 5.77316E-15
v 21.58061 -212.7434 3
v 25.53062 -212.7434 3
v 25.53062 -212.7434 5.77316E-15
v 25.28062 -212.7434 5.77316E-15
v 25.28062 -212.7434 2.1
v 24.38062 -212.6435 1.608619
v 25.28063 -212.7435 1.608619
v 25.28063 -212.6435 1.608619
v 24.38062 -212.7435 1.608619
v 35.62616 -206.9134 3.0098
v 30.04116 -212.5884 5.042573
v 35.62616 -218.1734 3.0098
v 21.15062 -216.9034 3
v 21.13062 -217.2934 3
v 21.13062 -216.9034 3
v 21.52062 -217.2934 3
v 21.52062 -217.2734 3
v 29.74061 -205.7934 3
v 29.74061 -205.8134 3
v 30.13062 -205.7934 3
v 30.11062 -206.1834 3
v 30.13062 -206.1834 3
v 38.74062 -207.7934 3
v 38.74062 -207.8134 3
v 39.13062 -207.7934 3
v 39.11061 -208.1834 3
v 39.13062 -208.1834 3
v 39.13062 -216.9034 3
v 39.11061 -216.9034 3
v 39.13062 -217.2934 3
v 38.74062 -217.2734 3
v 38.74062 -217.2934 3
v 30.13062 -218.1034 3
v 30.11062 -218.1034 3
v 30.13062 -218.4934 3
v 29.74061 -218.4734 3
v 29.74061 -218.4934 3
v 25.72062 -218.4734 3
v 25.33061 -218.4934 3
v 25.72062 -218.4934 3
v 25.35061 -218.1034 3
v 25.33061 -218.1034 3
v 21.52062 -205.8134 3
v 21.13062 -205.7934 3
v 21.52062 -205.7934 3
v 21.13062 -206.1834 3
v 21.15062 -206.1834 3
v 21.13062 -205.7934 0
v 21.52062 -205.8134 4.440892E-15
v 21.52062 -205.7934 4.440892E-15
v 21.15062 -206.1834 4.440892E-15
v 21.13062 -206.1834 4.440892E-15
v 34.46062 -209.4234 0.09
v 34.48062 -209.4434 0.09
v 33.90562 -209.4234 0.09
v 33.88562 -209.4434 0.09
v 34.46062 -210.3834 0.09
v 34.48062 -210.4034 0.09
v 33.90562 -210.3834 0.09
v 33.88562 -210.4034 0.09
v 33.90562 -210.4234 0.09
v 33.90562 -211.2834 0.09
v 33.88562 -211.3034 0.09
v 34.48062 -212.6228 1.15
v 34.47562 -212.4568 1.15
v 34.47562 -212.6228 1.15
v 34.48062 -212.4568 1.15
v 34.47562 -212.4168 1.016
v 34.48062 -212.4568 1.016
v 34.48062 -212.4168 1.016
v 34.47562 -212.4568 1.016
v 34.47562 -212.6228 1.016
v 34.48062 -212.6628 1.016
v 34.48062 -212.6228 1.016
v 34.47562 -212.6628 1.016
v 34.48062 -212.6208 1.048
v 34.47562 -212.5228 1.048
v 34.47562 -212.6208 1.048
v 34.48062 -212.5228 1.048
v 34.48062 -212.5208 1.048
v 34.47562 -212.4588 1.048
v 34.47562 -212.5208 1.048
v 34.48062 -212.4588 1.048
v 23.79018 -210.4434 1.016
v 23.79018 -210.4484 1.15
v 23.79018 -210.4484 1.016
v 23.79018 -210.4434 1.15
v 23.62418 -210.4484 1.15
v 23.62418 -210.4434 1.15
v 23.62418 -210.4484 1.016
v 23.62418 -210.4434 1.016
v 23.58418 -210.4484 1.016
v 23.58418 -210.4434 1.016
v 23.83018 -210.4434 1.016
v 23.83018 -210.4484 1.016
v 23.58418 -210.4484 1.18
v 23.58418 -210.4434 1.18
v 23.83018 -210.4484 1.18
v 23.83018 -210.4434 1.18
v 23.62418 -210.4484 1.046
v 23.62418 -210.4434 1.046
v 23.79018 -210.4484 1.046
v 23.79018 -210.4434 1.046
v 23.78818 -210.4434 1.048
v 23.69018 -210.4484 1.048
v 23.78818 -210.4484 1.048
v 23.69018 -210.4434 1.048
v 23.69018 -210.4484 1.148
v 23.69018 -210.4434 1.148
v 23.78818 -210.4484 1.148
v 23.78818 -210.4434 1.148
v 23.68818 -210.4434 1.148
v 23.68818 -210.4484 1.048
v 23.68818 -210.4484 1.148
v 23.68818 -210.4434 1.048
v 23.62618 -210.4484 1.048
v 23.62618 -210.4434 1.048
v 23.62618 -210.4484 1.148
v 23.62618 -210.4434 1.148
v 33.90062 -208.8434 0.83
v 33.88062 -208.8434 0.81
v 33.88062 -208.8434 0.83
v 33.90062 -208.8434 0.81
v 34.46062 -208.8234 0.09
v 34.48062 -208.3134 0.09
v 34.46062 -208.3134 0.09
v 34.48062 -208.8434 0.09
v 33.90062 -208.8234 0.09
v 33.88062 -208.8434 0.09
v 33.88062 -208.3134 0.09
v 33.90062 -208.3134 0.09
v 33.88062 -208.2934 0.8289999
v 34.47962 -208.2934 0.8289999
v 34.48062 -211.9034 0.09
v 34.46062 -211.9034 0.09
v 34.46062 -211.8834 0.09
v 33.90562 -211.8834 0.09
v 33.88562 -211.9034 0.09
v 33.90562 -208.9134 0.81
v 34.48062 -208.9134 0.81
v 34.46062 -208.9134 0.81
v 34.46062 -208.9134 0.83
v 33.88562 -208.9134 0.81
v 34.48062 -208.9134 0.83
v 33.88562 -208.9134 0.83
v 33.90562 -208.9134 0.83
v 33.90062 -208.3134 0.07
v 34.46062 -208.3134 0.07
v 33.88062 -208.3134 0.81
v 34.46062 -208.3134 0.81
v 33.90062 -208.3134 0.81
v 34.48062 -208.3134 0.81
v 33.88062 -208.3134 0.83
v 33.90062 -208.3134 0.83
v 34.48062 -208.3134 0.83
v 34.46062 -208.3134 0.83
v 37.57016 -208.2435 -1.95118E-07
v 37.57016 -208.0935 -1.772373E-07
v 37.57016 -208.0935 0.9
v 37.57016 -208.2435 0.9000001
v 37.57016 -207.9435 -1.593567E-07
v 37.57016 -207.9435 0.9
v 38.38062 -207.9434 0.9
v 38.38062 -207.9434 1.8
v 38.38062 -208.0934 1.8
v 38.38062 -208.0934 0.9
v 38.38062 -208.2434 0.9
v 33.68062 -208.2434 1.05
v 33.68062 -208.2434 2.1
v 32.87016 -208.2435 -1.951181E-07
v 32.87016 -208.0935 -1.772374E-07
v 32.87016 -208.0935 1.05
v 32.87016 -208.2435 1.05
v 32.87016 -207.9435 -1.593567E-07
v 32.87016 -207.9435 1.05
v 33.68062 -207.9434 1.05
v 33.68062 -207.9434 2.1
v 33.68062 -208.0934 2.1
v 33.68062 -208.0934 1.05
v 38.38062 -208.0934 3.108625E-15
v 38.38062 -207.9434 5.77316E-15
v 33.68062 -208.0934 5.77316E-15
v 37.38062 -208.2434 0.9
v 37.38062 -208.0934 1.8
v 37.38062 -208.0934 0.9
v 37.38062 -207.9434 1.8
v 37.38062 -207.9434 0.9
v 38.41122 -207.9435 0.9000005
v 38.41122 -207.9435 3.174789E-07
v 38.41122 -208.0935 2.995981E-07
v 38.41122 -208.0935 0.9000004
v 38.41122 -208.2435 2.817174E-07
v 38.41122 -208.2435 0.9000005
v 37.38062 -208.0934 3.552714E-15
v 32.25562 -208.2434 0.8
v 32.88062 -208.2434 1.05
v 32.88062 -208.0934 2.1
v 32.88062 -208.0934 1.05
v 32.88062 -207.9434 2.1
v 32.88062 -207.9434 1.05
v 33.79005 -207.9435 1.05
v 33.79005 -207.9435 1.585331E-07
v 33.79005 -208.0935 1.406524E-07
v 33.79005 -208.0935 1.05
v 33.79005 -208.2435 1.227717E-07
v 33.79005 -208.2435 1.05
v 32.88062 -207.9434 5.77316E-15
v 32.88062 -208.0934 5.77316E-15
v 32.88063 -208.2312 -3.470804E-08
v 32.88063 -208.2312 1.05
v 33.79006 -208.2314 1.242231E-07
v 33.79006 -208.2314 1.050001
v 30.65562 -207.9434 0.8
v 32.25562 -207.9434 0.8
v 30.65563 -207.9435 0.3426589
v 32.25563 -207.9435 0.3426589
v 31.5673 -207.944 0.3426589
v 31.5673 -208.2439 0.3426591
v 32.25563 -208.2435 0.342659
v 32.88063 -208.2435 -0.4573413
v 30.65562 -208.2434 0.8
v 29.68062 -208.2435 -0.4573413
v 30.65563 -208.2435 0.342659
v 30.65564 -208.2437 0.04027046
v 30.65564 -207.9437 0.04027033
v 32.25563 -207.9437 0.04027033
v 31.56731 -207.9441 0.04027002
v 31.56731 -208.2441 0.04027014
v 32.25563 -208.2437 0.04027046
v 32.88063 -208.2437 -0.75973
v 29.68062 -208.2437 -0.75973
v 31.56732 -207.9442 -0.07653523
v 31.56732 -208.2442 -0.07653511
v 32.10289 -207.9437 0.342659
v 32.10288 -207.9435 0.8000001
v 32.25562 -207.9434 2.8
v 32.10288 -207.9435 2.800001
v 32.10288 -208.2435 2.800001
v 32.10288 -208.2435 0.8000002
v 32.10289 -208.2437 0.3426591
v 32.1029 -207.9438 0.04027033
v 32.1029 -208.2438 0.04027046
v 32.10291 -207.944 -0.07653523
v 32.10291 -208.2439 -0.07653511
v 31.85152 -207.9438 0.3426589
v 31.85152 -207.9437 0.8000003
v 31.85152 -207.9437 2.800002
v 31.85152 -208.2437 2.800002
v 31.85152 -208.2437 0.8000003
v 31.85152 -208.2438 0.3426591
v 31.85153 -207.944 0.04027017
v 31.85153 -208.2439 0.0402703
v 31.85154 -207.9441 -0.07653523
v 31.85154 -208.2441 -0.07653511
v 30.65562 -208.2434 1.8
v 31.57915 -208.2438 2.800003
v 31.57915 -208.0938 2.800003
v 31.57915 -208.0938 1.800002
v 31.57915 -208.2438 1.800002
v 31.55011 -208.0937 2.800002
v 31.55011 -207.9437 2.800002
v 31.55011 -207.9437 1.800001
v 31.55011 -208.0937 1.800001
v 30.65562 -207.9434 1.8
v 30.65562 -208.0934 0.8
v 30.65562 -208.0934 1.8
v 30.65562 -207.9434 2.8
v 30.65562 -208.0934 2.8
v 31.19316 -208.2435 2.800001
v 31.19316 -208.0935 2.800001
v 30.65565 -208.0939 1.607566
v 30.65565 -208.2439 1.607566
v 31.19319 -208.0941 1.607566
v 31.19319 -208.2441 1.607566
v 31.19316 -208.2435 1.800001
v 31.19316 -207.9435 2.800001
v 31.19316 -207.9435 1.800001
v 30.65565 -207.944 1.607566
v 31.19319 -207.9441 1.607566
v 31.55011 -208.2437 2.800002
v 31.55014 -208.0942 1.607567
v 31.55014 -208.2442 1.607567
v 31.55011 -208.2437 1.800001
v 31.55014 -207.9442 1.607567
v 30.65563 -207.9435 1.684137
v 30.65563 -208.0935 1.684137
v 31.55011 -208.0938 1.684138
v 31.55011 -207.9438 1.684138
v 31.19317 -208.2437 1.684137
v 31.55011 -208.2438 1.684138
v 31.57916 -208.2439 1.684138
v 31.57916 -208.0939 1.684138
v 30.65563 -208.2435 1.684137
v 31.19317 -207.9437 1.684137
v 30.65564 -207.9437 1.666584
v 30.65564 -208.0937 1.666584
v 31.55012 -208.0939 1.666585
v 31.55012 -207.944 1.666585
v 31.19318 -208.2438 1.666585
v 31.55012 -208.2439 1.666585
v 31.57917 -208.2441 1.666586
v 31.57917 -208.0941 1.666586
v 30.65564 -208.2437 1.666584
v 31.19318 -207.9438 1.666585
v 30.65564 -207.9438 1.639815
v 30.65564 -208.0938 1.639815
v 31.55013 -208.0941 1.639816
v 31.55013 -207.9441 1.639816
v 31.19318 -208.2439 1.639815
v 31.55013 -208.2441 1.639816
v 31.57918 -208.2442 1.639817
v 31.57918 -208.0942 1.639817
v 30.65564 -208.2438 1.639815
v 31.19318 -207.944 1.639815
v 31.57919 -208.2444 1.607567
v 31.57919 -208.0944 1.607567

vt -35.23062 3.552714E-15
vt -34.16062 2.8
vt -35.23062 2.55
vt -38.23062 2.55
vt -34.16062 0.8
vt -33.01062 5.77316E-15
vt -33.63562 0.8
vt -33.63562 2.8
vt -33.01062 2.1
vt -31.48562 2.8
vt -32.11061 2.1
vt -38.68062 3
vt -38.68062 0
vt -38.23062 4.440892E-16
vt -29.68061 3
vt -31.48562 0.8
vt -30.96062 2.8
vt -32.11061 5.77316E-15
vt -29.68061 0
vt -30.96062 0.8
vt -24.45616 -205.1141
vt -35.62616 -205.1141
vt -30.04116 -199.1707
vt -36.57348 -218.1734
vt -36.57348 -206.9134
vt -30.58216 -212.5434
vt -30.08616 -197.9953
vt -40.01616 -203.9866
vt -34.38616 -197.9953
vt -29.99616 -197.9953
vt -24.45616 -203.9866
vt -20.25616 -203.9866
vt -26.88616 -196.9311
vt -28.99616 -196.9311
vt -20.06397 -204.9134
vt -20.06397 -218.1734
vt -27.11947 -211.5434
vt -35.62616 -192.307
vt -28.83616 -192.307
vt -32.23116 -195.9199
vt -34.48062 -211.9034
vt -34.48062 -211.3734
vt -34.46062 -211.9034
vt -39.11061 -217.2734
vt -38.23062 -217.1434
vt -38.23062 -217.2734
vt -38.68062 -216.8434
vt -38.23062 -216.8434
vt -38.68062 -208.2434
vt -39.11061 -207.8134
vt -38.38062 -208.2434
vt -38.38062 -207.8134
vt -38.74062 -217.2934
vt -38.74062 -217.2734
vt -39.13062 -217.2934
vt -39.11061 -216.9034
vt -39.13062 -216.9034
vt -39.13062 -208.1834
vt -39.11061 -208.1834
vt -39.13062 -207.7934
vt -38.74062 -207.8134
vt -38.74062 -207.7934
vt -32.11061 -216.8434
vt -29.68061 -216.8434
vt -32.11061 -217.1434
vt -32.11061 -217.2734
vt -30.11062 -217.2734
vt -30.11062 -218.4734
vt -29.68061 -218.0434
vt -25.35061 -218.4734
vt -25.78062 -218.0434
vt -25.35061 -217.2734
vt -25.78062 -216.8434
vt -21.15062 -217.2734
vt -21.58061 -216.8434
vt -21.15062 -205.8134
vt -21.58061 -206.2434
vt -30.11062 -205.8134
vt -29.68061 -206.2434
vt -30.11062 -207.8134
vt -29.68061 -208.2434
vt -32.88062 -208.2434
vt -32.88062 -207.8134
vt -29.74061 -218.4934
vt -29.74061 -218.4734
vt -30.13062 -218.4934
vt -30.11062 -218.1034
vt -30.13062 -218.1034
vt -21.13062 -216.9034
vt -21.15062 -216.9034
vt -21.13062 -217.2934
vt -21.52062 -217.2734
vt -21.52062 -217.2934
vt 2.55 -217.1434
vt 0 -217.1434
vt 2.55 -217.0484
vt 2.55 -216.8434
vt 0 -216.8434
vt 3 -217.0484
vt 2.55 -217.0934
vt 3 -217.0934
vt -2.55 -217.0934
vt -2.55 -217.1434
vt -2.55 -216.8434
vt -3 -217.0934
vt -2.55 -217.0484
vt -3 -217.0484
vt -33.01062 -217.1434
vt -35.23062 -216.8434
vt -33.01062 -216.8434
vt -33.01062 -217.2734
vt -35.23062 -217.2734
vt -28.99616 -200.6405
vt -20.25616 -193.585
vt -26.88616 -200.6405
vt -32.23116 -197.1979
vt -28.83616 -193.5851
vt -34.48062 -209.4434
vt -34.48062 -208.9134
vt -34.46062 -209.4434
vt -33.90562 -209.4434
vt -33.88562 -209.4434
vt -33.88562 -208.9134
vt -34.47962 -208.9134
vt -33.88562 -208.8934
vt -34.47962 -208.8934
vt -34.48062 -210.4034
vt -34.48062 -209.5134
vt -34.46062 -210.4034
vt -33.90562 -210.4034
vt -33.88562 -210.4034
vt -33.88562 -209.5134
vt -34.47962 -209.5134
vt -33.88562 -209.4934
vt -34.47962 -209.4934
vt -34.41062 -211.3034
vt -33.88562 -210.4234
vt -34.41062 -210.4034
vt -33.88562 -211.2834
vt -33.88562 -211.3034
vt -34.41062 -211.3024
vt -34.43062 -210.4034
vt -34.43062 -211.3024
vt -34.41062 0.83
vt -34.41062 0.81
vt -34.41062 0.09
vt -34.41062 0.07
vt -34.48062 -208.8434
vt -34.48062 -208.3134
vt -34.46062 -208.8434
vt -33.90062 -208.8434
vt -33.88062 -208.8434
vt -33.88062 -208.3134
vt -34.47962 -208.3134
vt -33.88062 -208.2934
vt -34.47962 -208.2934
vt -33.90562 -211.9034
vt -33.88562 -211.9034
vt -33.88562 -211.3734
vt -34.47962 -211.3734
vt -33.88562 -211.3534
vt -34.47962 -211.3534
vt -33.88562 0.07
vt -34.48062 0.07
vt -33.90562 0.07
vt -34.46062 0.07
vt -34.46062 0.09
vt -34.48062 0.09
vt -33.90562 0.09
vt -33.88562 0.09
vt -33.90562 0.81
vt -34.48062 0.81
vt -34.46062 0.81
vt -33.88562 0.81
vt -34.46062 0.83
vt -34.48062 0.83
vt -33.90562 0.83
vt -33.88562 0.83
vt -181.2926 0
vt -180.6845 3
vt -180.6845 0
vt -181.2926 3
vt -26.83061 -218.0434
vt -28.63062 -218.3434
vt -28.63062 -218.0434
vt -26.83061 -218.3434
vt 2.8 -218.0434
vt 0.8 -218.3434
vt 0.8 -218.0434
vt 2.8 -218.3434
vt -0.8 -218.0434
vt -2.8 -218.3434
vt -2.8 -218.0434
vt -0.8 -218.3434
vt 135.9515 0
vt 136.5596 3
vt 136.5596 0
vt 135.9515 3
vt -175.7764 0
vt -175.1682 3
vt -175.1682 0
vt -175.7764 3
vt 28.63062 -218.0434
vt 26.83061 -218.3434
vt 26.83061 -218.0434
vt 28.63062 -218.3434
vt -3 -218.0434
vt -3 -216.8434
vt 0 -218.0434
vt -136.5596 0
vt -135.9515 3
vt -135.9515 0
vt -136.5596 3
vt 135.7111 3
vt 135.103 0
vt 135.103 3
vt 135.7111 0
vt 175.1682 0
vt 175.7764 3
vt 175.7764 0
vt 175.1682 3
vt 3 -216.8434
vt 3 -218.0434
vt -174.9278 0
vt -174.3197 3
vt -174.3197 0
vt -174.9278 3
vt 37.38062 1.8
vt 38.68062 3
vt 38.38062 1.8
vt 36.93016 2.1
vt 37.38062 1.554312E-15
vt 36.03016 0.6
vt 36.93016 0.6
vt 33.68062 5.77316E-15
vt 36.03016 2.1
vt 32.25562 2.8
vt 32.88062 2.1
vt 30.65562 2.8
vt 29.68061 3
vt 32.25562 0.8
vt 29.68061 0
vt 30.65562 0.8
vt 32.88062 5.77316E-15
vt -119.2932 3
vt -119.9013 0
vt -119.9013 3
vt -119.2932 0
vt -37.38062 -207.9434
vt -33.68062 -207.8134
vt -33.68062 -207.9434
vt -37.38062 -207.8134
vt -30.13062 -206.1834
vt -30.11062 -206.1834
vt -30.13062 -205.7934
vt -29.74061 -205.8134
vt -29.74061 -205.7934
vt -25.33061 -218.1034
vt -25.35061 -218.1034
vt -25.33061 -218.4934
vt -25.72062 -218.4734
vt -25.72062 -218.4934
vt 125.656 0
vt 126.2641 3
vt 126.2641 0
vt 125.656 3
vt 2.8 -207.9434
vt 0.8 -208.2434
vt 0.8 -207.9434
vt 2.8 -208.2434
vt 32.25562 -207.9434
vt 30.65562 -208.2434
vt 30.65562 -207.9434
vt 32.25562 -208.2434
vt -0.6 -207.9434
vt -2.1 -208.2434
vt -2.1 -207.9434
vt -0.6 -208.2434
vt -36.03016 -207.9434
vt -36.93016 -208.2434
vt -36.93016 -207.9434
vt -36.03016 -208.2434
vt 2.1 -207.9434
vt 0.6 -208.2434
vt 0.6 -207.9434
vt 2.1 -208.2434
vt 36.93016 -207.9434
vt 36.03016 -208.2434
vt 36.03016 -207.9434
vt 36.93016 -208.2434
vt 2.55 -212.9934
vt 1.95 -214.0934
vt 1.95 -212.9934
vt 2.55 -214.0934
vt 2.55 -214.8934
vt 1.95 -214.8934
vt 3 -208.2434
vt 1.95 -211.0934
vt 2.55 -212.1934
vt 2.55 -210.2934
vt 1.95 -210.2934
vt 4.440892E-16 -208.2434
vt 1.95 -212.1934
vt 2.55 -211.0934
vt 181.2926 3
vt 180.6845 0
vt 180.6845 3
vt 181.2926 0
vt 119.2932 0
vt 119.9013 3
vt 119.9013 0
vt 119.2932 3
vt 38.98062 -214.8934
vt 38.68062 -214.0934
vt 38.98062 -214.0934
vt 38.68062 -214.8934
vt 38.98062 1.95
vt 38.68062 2.55
vt 38.98062 2.55
vt 38.68062 1.95
vt -38.98062 -214.0934
vt -38.68062 -214.8934
vt -38.98062 -214.8934
vt -38.68062 -214.0934
vt -38.98062 2.55
vt -38.68062 1.95
vt -38.98062 1.95
vt -38.68062 2.55
vt 38.98062 -211.0934
vt 38.68062 -210.2934
vt 38.98062 -210.2934
vt 38.68062 -211.0934
vt -38.98062 -210.2934
vt -38.68062 -211.0934
vt -38.98062 -211.0934
vt -38.68062 -210.2934
vt 38.98062 -212.9934
vt 38.68062 -212.1934
vt 38.98062 -212.1934
vt 38.68062 -212.9934
vt -38.98062 -212.1934
vt -38.68062 -212.9934
vt -38.98062 -212.9934
vt -38.68062 -212.1934
vt -32.23062 -212.8434
vt -32.13062 -211.9034
vt -32.13062 -212.8434
vt -32.23062 -212.0034
vt -34.48062 -212.0034
vt -32.13062 -213.7434
vt -32.23062 -214.5034
vt -32.23062 -213.7434
vt -32.13062 -214.6034
vt -34.48062 -214.5034
vt -34.48062 -214.6034
vt 34.48062 -214.6034
vt 32.23062 -214.5034
vt 34.48062 -214.5034
vt 32.13062 -214.6034
vt 32.23062 -212.0034
vt 32.13062 -211.9034
vt 34.48062 -212.0034
vt 34.48062 -211.9034
vt -28.58061 -213.7434
vt -25.83061 -213.8434
vt -28.58061 -213.8434
vt -25.83061 -213.7434
vt 3 -213.8434
vt -5.77316E-15 -213.7434
vt 3 -213.7434
vt -5.77316E-15 -213.8434
vt 25.83061 -213.7434
vt 29.73062 -213.8434
vt 25.83061 -213.8434
vt 30.03062 -213.7434
vt 29.73062 -216.8434
vt 30.03062 -216.8434
vt -29.48062 -213.8434
vt -30.03062 -213.7434
vt -29.48062 -213.7434
vt -29.73062 -213.8434
vt -30.03062 -216.8434
vt -29.73062 -216.8434
vt 21.58061 -210.3434
vt 24.13062 -210.4434
vt 21.58061 -210.4434
vt 24.13062 -210.3434
vt 24.23062 -210.3434
vt 24.13062 -212.6434
vt 24.23062 -212.6434
vt 25.53062 -210.4434
vt 24.23062 -210.4434
vt 25.53062 -210.3434
vt -5.77316E-15 -210.3434
vt -3 -210.4434
vt -3 -210.3434
vt -5.77316E-15 -210.4434
vt -21.58061 5.77316E-15
vt -24.13062 3
vt -21.58061 3
vt -24.13062 5.77316E-15
vt -24.23062 5.77316E-15
vt -24.23062 3
vt -24.38062 2.1
vt -24.38062 5.77316E-15
vt -25.28062 2.1
vt -25.53062 3
vt -25.53062 5.77316E-15
vt -25.28062 5.77316E-15
vt 3 -210.4434
vt 3 -210.3434
vt 24.13062 5.77316E-15
vt 21.58061 3
vt 24.13062 3
vt 21.58061 5.77316E-15
vt -24.13062 -210.3434
vt -21.58061 -210.4434
vt -24.13062 -210.4434
vt -21.58061 -210.3434
vt -24.23062 -211.4933
vt -24.13062 -211.4933
vt -24.23062 -210.3434
vt -24.23062 -210.4434
vt -24.38062 -210.3434
vt -24.38062 -210.4434
vt -25.53062 -210.4434
vt -25.28062 -210.3434
vt -25.28062 -210.4434
vt -25.53062 -210.3434
vt 2.1 -210.4434
vt 2.1 -210.3434
vt -2.1 -210.3434
vt -2.1 -210.4434
vt 25.28062 2.1
vt 25.53062 5.77316E-15
vt 25.28062 5.77316E-15
vt 25.53062 3
vt 24.38062 2.1
vt 24.23062 3
vt 24.23062 5.77316E-15
vt 24.38062 5.77316E-15
vt -125.656 3
vt -126.2641 0
vt -126.2641 3
vt -125.656 0
vt 124.8499 3
vt 124.2418 0
vt 124.2418 3
vt 124.8499 0
vt 3 -206.2434
vt 0 -206.2434
vt -2.1 -211.4933
vt -5.77316E-15 -211.4933
vt -2.1 -212.3933
vt -3 -212.6434
vt -5.77316E-15 -212.6434
vt -5.77316E-15 -212.3933
vt -24.23062 2.1
vt -24.13062 2.1
vt -24.13062 -212.3933
vt -24.23062 -212.3933
vt 24.13062 2.1
vt 24.23062 2.1
vt -24.23062 -212.6434
vt -24.13062 -212.6434
vt 2.1 -212.3933
vt 3 -212.6434
vt 2.1 -211.4933
vt 29.73062 3
vt 30.03062 5.77316E-15
vt 29.73062 0
vt 30.03062 3
vt -124.8499 0
vt -124.2418 3
vt -124.2418 0
vt -124.8499 3
vt 160.4895 0
vt 161.0977 3
vt 161.0977 0
vt 160.4895 3
vt -0.55 -205.9434
vt -2.8 -206.2434
vt -2.8 -205.9434
vt -0.55 -206.2434
vt -26.58061 -205.9434
vt -28.78062 -206.2434
vt -28.78062 -205.9434
vt -26.58061 -206.2434
vt 2.8 -205.9434
vt 0.55 -206.2434
vt 0.55 -205.9434
vt 2.8 -206.2434
vt 28.78062 -205.9434
vt 26.58061 -206.2434
vt 26.58061 -205.9434
vt 28.78062 -206.2434
vt 34.78062 -208.2434
vt 34.48062 -208.8634
vt 34.48062 -208.2434
vt 34.78062 -208.8634
vt 34.48062 -209.3634
vt 34.78062 -209.3634
vt 34.48062 -209.8634
vt 34.78062 -209.8634
vt 34.48062 -210.3634
vt 34.78062 -210.3634
vt 34.48062 -210.8634
vt 34.78062 -210.8634
vt 34.48062 -216.8434
vt 34.78062 -216.8434
vt -34.78062 5.77316E-15
vt -34.48062 3
vt -34.48062 5.77316E-15
vt -34.78062 3
vt -34.48062 -208.2434
vt -34.78062 -208.8634
vt -34.78062 -208.2434
vt -34.48062 -208.8634
vt -34.48062 -209.3634
vt -34.78062 -209.3634
vt -34.48062 -209.8634
vt -34.78062 -209.8634
vt -34.48062 -210.3634
vt -34.78062 -210.3634
vt -34.48062 -210.8634
vt -34.78062 -210.8634
vt -34.78062 -215.6432
vt -34.48062 -215.6432
vt -3 -210.8934
vt -3 -206.2434
vt -5.77316E-15 -210.8934
vt -25.83061 5.77316E-15
vt -25.83061 3
vt 25.83061 -206.2434
vt 25.53062 -210.8934
vt 25.53062 -206.2434
vt 25.83061 -210.8934
vt 25.83061 3
vt 25.83061 5.77316E-15
vt -25.53062 -206.2434
vt -25.83061 -210.8934
vt -25.83061 -206.2434
vt -25.53062 -210.8934
vt 3 -210.8934
vt -25.78062 3
vt -25.78062 0
vt 138.682 3
vt 138.0739 0
vt 138.0739 3
vt 138.682 0
vt -135.7111 0
vt -135.103 3
vt -135.103 0
vt -135.7111 3
vt 91.23427 0
vt 91.55049 3
vt 91.55049 0
vt 91.23427 3
vt -28.03062 -212.3434
vt -27.93061 -212.0034
vt -27.93061 -212.3434
vt -28.03062 -211.9034
vt -25.83061 -212.0034
vt -25.53062 -211.9034
vt -25.83061 -216.8434
vt -25.53062 -216.8434
vt 27.93061 -213.7434
vt 28.03062 -211.9034
vt 28.03062 -213.7434
vt 27.93061 -212.0034
vt 25.53062 -211.9034
vt 25.83061 -212.0034
vt 25.53062 -216.8434
vt 25.83061 -216.8434
vt -27.93061 -213.2434
vt -28.03062 -213.7434
vt -28.03062 -213.2434
vt -27.93061 -213.7434
vt 34.48062 3
vt 34.78062 0
vt 34.48062 0
vt 34.78062 3
vt -34.48062 -216.5432
vt -34.78062 -216.8434
vt -34.78062 -216.5432
vt -34.48062 -216.8434
vt 35.23062 2.55
vt 38.23062 3
vt 38.23062 2.55
vt 35.23062 3
vt -38.23062 -217.0484
vt -35.23062 -217.0484
vt -35.23062 -217.0934
vt -38.23062 -217.0934
vt -35.23062 -217.1434
vt -35.23062 3
vt -38.23062 3
vt 174.3197 0
vt 174.9278 3
vt 174.9278 0
vt 174.3197 3
vt 2.1 -216.8434
vt 2.1 -217.1434
vt -2.1 -217.1434
vt -2.1 -216.8434
vt -31.48562 -217.1434
vt -30.96062 -216.8434
vt -30.96062 -217.1434
vt -31.48562 -216.8434
vt -2.8 -217.1434
vt -0.8 -216.8434
vt -0.8 -217.1434
vt -2.8 -216.8434
vt 30.96062 -217.1434
vt 31.48562 -216.8434
vt 31.48562 -217.1434
vt 30.96062 -216.8434
vt 0.8 -217.1434
vt 2.8 -216.8434
vt 2.8 -217.1434
vt 0.8 -216.8434
vt -34.16062 -217.1434
vt -33.63562 -216.8434
vt -33.63562 -217.1434
vt -34.16062 -216.8434
vt 33.63562 -217.1434
vt 34.16062 -216.8434
vt 34.16062 -217.1434
vt 33.63562 -216.8434
vt -36.83062 -209.8934
vt -34.78062 -210.0134
vt -36.83062 -210.0134
vt -34.78062 -209.8934
vt 34.78062 -209.8934
vt 38.68062 -210.0134
vt 34.78062 -210.0134
vt 38.68062 -209.8934
vt -3 -210.0134
vt -5.77316E-15 -209.8934
vt -5.77316E-15 -210.0134
vt -3 -209.8934
vt -37.73062 -210.0134
vt -38.68062 -209.8934
vt -37.73062 -209.8934
vt -38.68062 -210.0134
vt -5.77316E-15 -212.0034
vt -3 -212.0034
vt -91.23427 3
vt -91.55049 0
vt -91.55049 3
vt -91.23427 0
vt 3 -211.9034
vt -5.77316E-15 -211.9034
vt 21.58061 1.05
vt 21.28062 2.55
vt 21.58061 2.55
vt 21.28062 1.05
vt -21.58061 -211.6434
vt -21.28062 -212.5434
vt -21.58061 -212.5434
vt -21.28062 -211.6434
vt 21.58061 -212.5434
vt 21.28062 -211.6434
vt 21.58061 -211.6434
vt 21.28062 -212.5434
vt -161.0977 0
vt -160.4895 3
vt -160.4895 0
vt -161.0977 3
vt -138.682 0
vt -138.0739 3
vt -138.0739 0
vt -138.682 3
vt -21.58061 2.8
vt -21.28062 0.8
vt -21.58061 0.8
vt -21.28062 2.8
vt -21.58061 -207.3934
vt -21.28062 -209.1934
vt -21.58061 -209.1934
vt -21.28062 -207.3934
vt 21.58061 0.8
vt 21.28062 2.8
vt 21.58061 2.8
vt 21.28062 0.8
vt 21.58061 -209.1934
vt 21.28062 -207.3934
vt 21.58061 -207.3934
vt 21.28062 -209.1934
vt -21.58061 -213.8934
vt -21.28062 -215.6934
vt -21.58061 -215.6934
vt -21.28062 -213.8934
vt 21.58061 -215.6934
vt 21.28062 -213.8934
vt 21.58061 -213.8934
vt 21.28062 -215.6934
vt -21.58061 2.55
vt -21.28062 1.05
vt -21.58061 1.05
vt -21.28062 2.55
vt -30.07061 -211.9034
vt -29.69062 -212.2834
vt -30.07061 -212.2834
vt -29.69062 -211.9034
vt 30.07061 -212.2834
vt 29.69062 -211.9034
vt 30.07061 -211.9034
vt 29.69062 -212.2834
vt -2.1 -212.7434
vt -2.1 -212.6434
vt -5.77316E-15 -212.7434
vt -24.38062 -212.6434
vt -21.58061 -212.7434
vt -24.38062 -212.7434
vt -21.58061 -212.6434
vt 3 -212.7434
vt 21.58061 -212.6434
vt 25.53062 -212.7434
vt 21.58061 -212.7434
vt 25.53062 -212.6434
vt -3 -212.7434
vt -25.28062 -212.7434
vt -25.53062 -212.6434
vt -25.28062 -212.6434
vt -25.53062 -212.7434
vt 2.1 -212.6434
vt 2.1 -212.7434
vt -29.99616 -201.4557
vt -40.01616 -195.4644
vt -35.62616 -195.4644
vt -34.38616 -201.4557
vt -30.04097 -198.0473
vt -40.01604 -203.9906
vt -30.08597 -197.9994
vt -35.62604 -203.9906
vt -26.50479 -212.5884
vt -32.44822 -219.3734
vt -32.44822 -218.1734
vt -26.50479 -213.7884
vt -26.45691 -212.5434
vt -28.83535 -208.3084
vt -25.39273 -211.5434
vt -32.44823 -206.9134
vt -28.83534 -206.9484
vt -32.44822 -203.5534
vt -31.73942 -208.3084
vt -28.12654 -203.5534
vt -28.12654 -204.9134
vt -31.73942 -206.9484
vt -24.01068 -219.3734
vt -29.95411 -212.5884
vt -24.01068 -218.1734
vt -29.95411 -213.7884
vt 21.15062 -216.9034
vt 21.13062 -217.2934
vt 21.13062 -216.9034
vt 21.15062 -217.2734
vt 21.52062 -217.2934
vt 21.52062 -217.2734
vt 21.58061 -216.8434
vt 25.35061 -217.2734
vt 25.78062 -216.8434
vt 21.58061 -206.2434
vt 25.35061 -218.4734
vt 21.15062 -205.8134
vt 25.78062 -218.0434
vt 29.68061 -206.2434
vt 30.11062 -218.4734
vt 29.68061 -218.0434
vt 30.11062 -205.8134
vt 29.68061 -208.2434
vt 30.11062 -207.8134
vt 38.68062 -208.2434
vt 39.11061 -207.8134
vt 38.68062 -216.8434
vt 30.11062 -217.2734
vt 29.68061 -216.8434
vt 35.23062 -217.0934
vt 35.23062 -217.0484
vt 38.23062 -217.0484
vt 38.23062 -217.0934
vt 39.11061 -217.2734
vt 29.74061 -205.7934
vt 29.74061 -205.8134
vt 30.13062 -205.7934
vt 30.11062 -206.1834
vt 30.13062 -206.1834
vt 38.74062 -207.7934
vt 38.74062 -207.8134
vt 39.13062 -207.7934
vt 39.11061 -208.1834
vt 39.13062 -208.1834
vt 39.13062 -216.9034
vt 39.11061 -216.9034
vt 39.13062 -217.2934
vt 38.74062 -217.2734
vt 38.74062 -217.2934
vt -138.6315 3
vt -138.6598 0
vt -138.6598 3
vt -138.6315 0
vt -3 -217.2734
vt -4.440892E-15 -216.9034
vt 0 -217.2734
vt -3 -216.9034
vt -21.15062 3
vt -21.13062 4.440892E-15
vt -21.15062 4.440892E-15
vt -21.13062 3
vt -21.52062 3
vt -21.52062 4.440892E-15
vt 138.6598 3
vt 138.6315 0
vt 138.6315 3
vt 138.6598 0
vt -3 -217.2934
vt -4.440892E-15 -217.2934
vt 3 -124.2566
vt 0 -124.2283
vt 3 -124.2283
vt 0 -124.2566
vt 3 -205.8134
vt 4.440892E-15 -206.1834
vt 0 -205.8134
vt 3 -206.1834
vt 30.11062 3
vt 30.13062 4.440892E-15
vt 30.11062 4.440892E-15
vt 30.13062 3
vt -3 -124.2283
vt -3 -124.2566
vt 29.74061 3
vt 29.74061 4.440892E-15
vt 3 -205.7934
vt 4.440892E-15 -205.7934
vt 30.13062 -218.1034
vt 30.11062 -218.1034
vt 30.13062 -218.4934
vt 29.74061 -218.4734
vt 29.74061 -218.4934
vt 0 -175.7882
vt 3 -175.8165
vt 0 -175.8165
vt 3 -175.7882
vt 0 -218.4734
vt 3 -218.1034
vt 3 -218.4734
vt 4.440892E-15 -218.1034
vt -30.13062 3
vt -30.11062 4.440892E-15
vt -30.13062 4.440892E-15
vt -30.11062 3
vt -3 -175.7882
vt -3 -175.8165
vt -29.74061 4.440892E-15
vt -29.74061 3
vt 4.440892E-15 -218.4934
vt 3 -218.4934
vt -25.72062 3
vt -25.35061 0
vt -25.72062 4.440892E-15
vt -25.35061 3
vt 3 -136.6032
vt 0 -136.5749
vt 3 -136.5749
vt 0 -136.6032
vt 25.72062 -218.4934
vt 25.72062 -218.4734
vt 25.33061 -218.4934
vt 25.35061 -218.1034
vt 25.33061 -218.1034
vt -3 -218.4934
vt -3 -218.4734
vt -3 -136.5749
vt -3 -136.6032
vt -3 -218.1034
vt -25.33061 4.440892E-15
vt -25.33061 3
vt 21.52062 -205.8134
vt 21.13062 -205.7934
vt 21.52062 -205.7934
vt 21.13062 -206.1834
vt 21.15062 -206.1834
vt 3 -160.5003
vt 0 -160.472
vt 3 -160.472
vt 0 -160.5003
vt 21.15062 3
vt 21.52062 4.440892E-15
vt 21.15062 0
vt 21.52062 3
vt -3 -205.8134
vt -3 -205.7934
vt -21.52062 -205.7934
vt -21.52062 -205.8134
vt -21.13062 -205.7934
vt -21.15062 -206.1834
vt -21.13062 -206.1834
vt -3 -206.1834
vt -3 -160.472
vt -3 -160.5003
vt 21.13062 3
vt 21.13062 4.440892E-15
vt 181.2549 0
vt 181.2831 3
vt 181.2831 0
vt 181.2549 3
vt 3 -216.9034
vt 3 -217.2734
vt -39.13062 3
vt -39.11061 4.440892E-15
vt -39.13062 4.440892E-15
vt -39.11061 3
vt -181.2549 3
vt -181.2831 0
vt -181.2831 3
vt -181.2549 0
vt -38.74062 4.440892E-15
vt -38.74062 3
vt 3 -217.2934
vt 0 -119.3075
vt -3 -119.2793
vt 0 -119.2793
vt -3 -119.3075
vt 39.11061 0
vt 38.74062 3
vt 39.11061 3
vt 38.74062 4.440892E-15
vt 4.440892E-15 -207.8134
vt 3 -207.7934
vt 3 -207.8134
vt 4.440892E-15 -207.7934
vt 3 -119.3075
vt 3 -119.2793
vt 4.440892E-15 -208.1834
vt 3 -208.1834
vt 39.13062 4.440892E-15
vt 39.13062 3
vt -34.46062 -209.4234
vt -34.46062 -208.9134
vt -33.90562 -209.4234
vt -33.90562 -208.9134
vt -34.46062 -210.3834
vt -34.46062 -209.5134
vt -33.90562 -210.3834
vt -33.90562 -209.5134
vt -33.90562 -210.4234
vt -34.41062 -210.4234
vt -33.90562 -211.2834
vt -34.41062 -211.2834
vt -34.48062 -212.6228
vt -34.47562 -212.4568
vt -34.47562 -212.6228
vt -34.48062 -212.4568
vt -34.47562 -212.4168
vt -34.48062 -212.4168
vt -34.48062 -212.6628
vt -34.47562 -212.6628
vt -34.48062 -212.6208
vt -34.47562 -212.5228
vt -34.47562 -212.6208
vt -34.48062 -212.5228
vt -34.48062 -212.5208
vt -34.47562 -212.4588
vt -34.47562 -212.5208
vt -34.48062 -212.4588
vt -0.09 -211.2834
vt -0.07 -211.3034
vt -0.09 -211.3034
vt -0.07 -211.2834
vt 1.016 -210.4434
vt 1.15 -210.4484
vt 1.016 -210.4484
vt 1.15 -210.4434
vt -23.79018 -210.4434
vt -23.62418 -210.4484
vt -23.79018 -210.4484
vt -23.62418 -210.4434
vt -1.15 -210.4434
vt -1.016 -210.4484
vt -1.15 -210.4484
vt -1.016 -210.4434
vt -23.58418 -210.4484
vt -23.58418 -210.4434
vt -23.83018 -210.4434
vt -23.83018 -210.4484
vt 1.18 -210.4484
vt 1.18 -210.4434
vt 23.58418 -210.4434
vt 23.83018 -210.4484
vt 23.58418 -210.4484
vt 23.83018 -210.4434
vt -1.18 -210.4434
vt -1.18 -210.4484
vt 1.046 -210.4484
vt 1.046 -210.4434
vt 23.62418 -210.4434
vt 23.79018 -210.4484
vt 23.62418 -210.4484
vt 23.79018 -210.4434
vt -1.046 -210.4434
vt -1.046 -210.4484
vt -23.62418 1.016
vt -23.79018 1.046
vt -23.62418 1.046
vt -23.79018 1.016
vt -23.62418 1.15
vt -23.58418 1.016
vt -23.58418 1.18
vt -23.79018 1.15
vt -23.83018 1.18
vt -23.83018 1.016
vt 23.79018 1.046
vt 23.62418 1.016
vt 23.62418 1.046
vt 23.79018 1.016
vt 23.58418 1.18
vt 23.58418 1.016
vt 23.62418 1.15
vt 23.83018 1.18
vt 23.79018 1.15
vt 23.83018 1.016
vt -23.78818 -210.4434
vt -23.69018 -210.4484
vt -23.78818 -210.4484
vt -23.69018 -210.4434
vt 1.048 -210.4434
vt 1.148 -210.4484
vt 1.048 -210.4484
vt 1.148 -210.4434
vt 23.69018 -210.4434
vt 23.78818 -210.4484
vt 23.69018 -210.4484
vt 23.78818 -210.4434
vt -1.148 -210.4434
vt -1.048 -210.4484
vt -1.148 -210.4484
vt -1.048 -210.4434
vt -23.78818 1.048
vt -23.69018 1.148
vt -23.69018 1.048
vt -23.78818 1.148
vt 23.78818 1.048
vt 23.69018 1.148
vt 23.78818 1.148
vt 23.69018 1.048
vt -23.68818 -210.4434
vt -23.62618 -210.4484
vt -23.68818 -210.4484
vt -23.62618 -210.4434
vt 23.62618 -210.4434
vt 23.68818 -210.4484
vt 23.62618 -210.4484
vt 23.68818 -210.4434
vt -23.68818 1.148
vt -23.62618 1.048
vt -23.68818 1.048
vt -23.62618 1.148
vt 23.68818 1.148
vt 23.62618 1.048
vt 23.62618 1.148
vt 23.68818 1.048
vt 33.90062 0.83
vt 33.88062 0.81
vt 33.88062 0.83
vt 33.90062 0.81
vt -34.46062 -208.8234
vt -34.46062 -208.3134
vt -33.90062 -208.8234
vt -33.90062 -208.3134
vt -34.47962 0.07
vt -33.88062 0.8289999
vt -33.88062 0.07
vt -34.47962 0.8289999
vt 34.48062 0.09
vt 34.46062 0.07
vt 34.46062 0.09
vt 34.48062 0.07
vt -0.09 -211.3734
vt -0.07 -211.9034
vt -0.09 -211.9034
vt -0.07 -211.3734
vt -34.46062 -211.8834
vt -34.46062 -211.3734
vt -33.90562 -211.8834
vt -33.90562 -211.3734
vt -0.8 -209.1934
vt -1.05 -212.5434
vt -1.05 -211.6434
vt -2.55 -211.6434
vt -2.8 -209.1934
vt -0.8 -213.8934
vt -2.55 -212.5434
vt -2.8 -213.8934
vt -0.8 -207.3934
vt -2.8 -207.3934
vt -0.8 -215.6934
vt -2.8 -215.6934
vt 26.58061 0.55
vt 28.78062 0.55
vt 26.58061 2.8
vt 28.78062 2.8
vt -26.83061 2.8
vt -26.83061 0.8
vt -28.63062 0.8
vt -28.63062 2.8
vt -33.90062 0.07
vt -33.88062 0.09
vt -33.90062 0.09
vt -33.88062 0.81
vt -33.90062 0.81
vt -33.88062 0.83
vt -33.90062 0.83
vt -25.83062 -217.2711
vt -25.53063 -217.2711
vt 5.77316E-15 -216.8438
vt 3 -216.8438
vt 3.181622E-07 -217.2715
vt 3.000001 -217.2715
vt -3 -216.8439
vt -3.000001 -217.2716
vt -3.181623E-07 -217.2716
vt 25.53063 -217.2711
vt 25.83062 -217.2711
vt -1.608324 -212.7435
vt -1.608324 -212.6435
vt -25.28062 2.053778
vt -24.38062 2.053778
vt -25.28063 1.562397
vt -24.38062 1.562397
vt 1.608335 -212.6435
vt 1.608335 -212.7435
vt 24.38062 2.053756
vt 25.28062 2.053756
vt 24.38062 1.562375
vt 25.28063 1.562375
vt 24.13062 2.053832
vt 24.23062 2.053832
vt 24.13062 1.562451
vt 24.23063 1.562451
vt -1.608337 -212.3934
vt -1.608337 -211.4934
vt -24.23062 2.054028
vt -24.13062 2.054028
vt -24.23063 1.562647
vt -24.13062 1.562647
vt 1.608338 -211.4934
vt 1.608338 -212.3934
vt -25.28062 2.054278
vt -24.38062 2.054278
vt -25.28063 1.562896
vt -24.38062 1.562896
vt 1.608335 -210.3435
vt 1.608335 -210.4435
vt 24.38062 2.054256
vt 25.28062 2.054256
vt 24.38062 1.562875
vt 25.28063 1.562875
vt -1.608324 -210.4435
vt -1.608324 -210.3435
vt 1.60812 -216.8435
vt 1.60812 -217.1435
vt 32.11061 2.052799
vt 33.01062 2.052799
vt 32.11062 1.561418
vt 33.01063 1.561418
vt -2.099487 -217.1434
vt -2.099487 -216.8434
vt -1.608106 -217.1435
vt -1.608106 -216.8435
vt -33.01062 2.052865
vt -32.11061 2.052865
vt -33.01063 1.561484
vt -32.11062 1.561484
vt 3.108625E-15 -208.0934
vt 0.9 -208.0934
vt 0.9 -208.2434
vt 5.77316E-15 -207.9434
vt 0.9 -207.9434
vt 1.8 -207.9434
vt 1.8 -208.0934
vt 1.8 -208.2434
vt 38.68062 0
vt 38.38062 4.440892E-16
vt 38.38062 0.9
vt 33.68062 1.05
vt 33.68062 2.1
vt 1.05 -208.0934
vt 1.05 -208.2434
vt 1.05 -207.9434
vt 2.1 -208.0934
vt 38.35318 0.9
vt 38.35318 4.440892E-16
vt 37.54271 0.9000001
vt 37.54271 -1.95118E-07
vt -38.38062 -208.0934
vt -37.57016 -208.2435
vt -37.57016 -208.0935
vt 38.38062 -208.0934
vt 38.38062 -208.2434
vt 37.57016 -208.0935
vt 37.57016 -208.2435
vt -38.38062 -207.9434
vt -37.57016 -207.9435
vt 38.38062 -207.9434
vt 37.57016 -207.9435
vt -38.35321 5.77316E-15
vt -38.35321 0.9
vt -37.54275 -1.593567E-07
vt -37.54275 0.9
vt 33.65318 1.05
vt 33.65318 5.77316E-15
vt 32.84271 1.05
vt 32.84271 -1.951181E-07
vt -33.68062 -208.2434
vt -33.68062 -208.0934
vt -32.87016 -208.2435
vt -32.87016 -208.0935
vt 33.68062 -208.0934
vt 33.68062 -208.2434
vt 32.87016 -208.0935
vt 32.87016 -208.2435
vt -32.87016 -207.9435
vt 33.68062 -207.9434
vt 32.87016 -207.9435
vt -33.65321 5.77316E-15
vt -33.65321 1.05
vt -32.84275 -1.593567E-07
vt -32.84275 1.05
vt 37.38062 0.9
vt -1.8 -208.2434
vt -1.8 -208.0934
vt -0.9 -208.0934
vt -0.9 -208.2434
vt -1.8 -207.9434
vt -0.9 -207.9434
vt -37.38062 -208.0934
vt -37.38062 -208.2434
vt 37.38062 -208.0934
vt 37.38062 -207.9434
vt 38.41122 -208.0935
vt 38.41122 -207.9435
vt -37.40525 0.9
vt -37.40525 5.551115E-15
vt -38.43585 0.9000005
vt -38.43585 3.174789E-07
vt -38.41122 -207.9435
vt -38.41122 -208.0935
vt -38.41122 -208.2435
vt 37.38062 -208.2434
vt 38.41122 -208.2435
vt 37.40837 1.554312E-15
vt 37.40837 0.9
vt 38.43896 2.817174E-07
vt 38.43896 0.9000005
vt 32.88062 1.05
vt -2.1 -208.0934
vt -1.05 -208.0934
vt -1.05 -208.2434
vt -1.05 -207.9434
vt -32.88062 -207.9434
vt -32.88062 -208.0934
vt 32.88062 -208.0934
vt 32.88062 -207.9434
vt 33.79005 -208.0935
vt 33.79005 -207.9435
vt -32.90853 1.05
vt -32.90853 5.77316E-15
vt -33.81797 1.05
vt -33.81797 1.585331E-07
vt -33.79005 -207.9435
vt -33.79005 -208.0935
vt -33.79005 -208.2435
vt 32.88062 -208.2434
vt 33.79005 -208.2435
vt 32.90858 -3.470804E-08
vt 32.90858 1.05
vt 33.81801 1.242231E-07
vt 33.81801 1.050001
vt 30.65562 0.7375593
vt 32.25562 0.7375593
vt 30.65563 0.2802182
vt 32.25563 0.2802182
vt 0.7994738 -207.9438
vt 0.7994738 -208.2438
vt 0.3421323 -207.944
vt 0.3421325 -208.2439
vt 32.17558 0.7374641
vt 32.80058 -0.06253587
vt 32.17558 0.2801231
vt 32.80058 -0.5198772
vt 29.73191 -0.06252787
vt 30.70692 0.7374722
vt 29.73192 -0.5198691
vt 30.70693 0.2801311
vt -32.88062 -0.06253071
vt -29.68061 -0.06253071
vt -32.88063 -0.519872
vt -29.68062 -0.519872
vt -0.3418855 -208.2435
vt -0.3418854 -207.9435
vt -0.039497 -208.2437
vt -0.03949688 -207.9437
vt 30.65563 0.2482217
vt 32.25563 0.2482217
vt 30.65564 -0.05416683
vt 32.25563 -0.05416683
vt 0.3418624 -207.944
vt 0.3418627 -208.2439
vt 0.03947356 -207.9441
vt 0.03947368 -208.2441
vt 32.13456 0.2480741
vt 32.75956 -0.5519263
vt 32.13457 -0.05431448
vt 32.75957 -0.854315
vt 29.75821 -0.551908
vt 30.73322 0.2480923
vt 29.75822 -0.8542967
vt 30.73323 -0.05429623
vt -32.88063 -0.5519145
vt -29.68062 -0.5519145
vt -32.88063 -0.8543032
vt -29.68062 -0.8543032
vt -0.03826812 -208.2437
vt -0.038268 -207.9437
vt 0.07853745 -208.2438
vt 0.07853757 -207.9438
vt 30.65564 -0.2042103
vt 32.25563 -0.2042103
vt 30.65564 -0.321016
vt 32.25564 -0.321016
vt 0.03820813 -207.9441
vt 0.03820825 -208.2441
vt -0.07859712 -207.9442
vt -0.078597 -208.2442
vt 31.94218 -0.2046399
vt 32.56718 -1.004641
vt 31.94219 -0.3214455
vt 32.56719 -1.121447
vt 29.88148 -1.004518
vt 30.8565 -0.2045171
vt 29.88149 -1.121324
vt 30.85651 -0.3213228
vt -32.88063 -1.004562
vt -29.68062 -1.004562
vt -32.88064 -1.121368
vt -29.68063 -1.121368
vt -32.06865 0.2802064
vt -32.06864 0.7375476
vt -31.91591 0.2802066
vt -31.9159 0.7375477
vt -32.06864 0.8
vt -32.06864 2.8
vt -31.9159 0.8000001
vt -31.9159 2.800001
vt 32.10286 -207.9435
vt 32.10286 -208.2435
vt 32.06837 2.8
vt 32.06837 0.8
vt 31.91563 2.800001
vt 31.91563 0.8000002
vt 32.06837 0.7374575
vt 32.06838 0.2801164
vt 31.91563 0.7374576
vt 31.91564 0.2801166
vt -32.06865 -0.05418465
vt -32.06865 0.2482039
vt -31.91592 -0.05418465
vt -31.91591 0.2482041
vt 32.06838 0.2480678
vt 32.06838 -0.05432077
vt 31.91564 0.2480679
vt 31.91565 -0.05432077
vt -32.06866 -0.3210621
vt -32.06865 -0.2042564
vt -31.91592 -0.3210621
vt -31.91592 -0.2042564
vt 32.06839 -0.204609
vt 32.06839 -0.3214146
vt 31.91565 -0.204609
vt 31.91566 -0.3214146
vt -32.25564 -208.2438
vt -32.25564 -207.9438
vt -32.10291 -208.2439
vt -32.10291 -207.944
vt -31.98928 0.2802111
vt -31.98927 0.7375522
vt -31.73791 0.280211
vt -31.73791 0.7375524
vt -31.98927 0.8000001
vt -31.98927 2.800001
vt -31.73791 0.8000003
vt -31.73791 2.800002
vt 31.85151 -207.9437
vt 31.85151 -208.2437
vt 31.98911 2.800001
vt 31.98911 0.8000002
vt 31.73774 2.800002
vt 31.73774 0.8000003
vt 31.98911 0.7374622
vt 31.98911 0.2801211
vt 31.73774 0.7374623
vt 31.73775 0.2801211
vt -31.98929 -0.05417765
vt -31.98928 0.2482111
vt -31.73792 -0.05417781
vt -31.73791 0.2482109
vt 31.98911 0.2480749
vt 31.98912 -0.05431376
vt 31.73775 0.2480749
vt 31.73776 -0.05431392
vt -31.98929 -0.3210441
vt -31.98929 -0.2042385
vt -31.73793 -0.3210441
vt -31.73792 -0.2042386
vt 31.98912 -0.2045911
vt 31.98913 -0.3213967
vt 31.73776 -0.2045912
vt 31.73776 -0.3213967
vt -31.85154 -208.2441
vt -31.85154 -207.9441
vt -31.75105 0.2802119
vt -31.75104 0.7375533
vt -31.46683 0.2802119
vt -31.46682 0.7375534
vt -31.75104 0.8000003
vt -31.75104 2.800002
vt -31.46682 0.8000004
vt -31.46682 2.800003
vt 31.56729 -207.9438
vt 31.56729 -208.2438
vt 31.75089 2.800002
vt 31.75089 0.8000003
vt 31.46667 2.800003
vt 31.46667 0.8000004
vt 31.75089 0.7374632
vt 31.7509 0.280122
vt 31.46667 0.7374634
vt 31.46668 0.280122
vt -31.75105 -0.05417657
vt -31.75105 0.2482122
vt -31.46684 -0.05417672
vt -31.46683 0.2482122
vt 31.7509 0.2480762
vt 31.75091 -0.05431263
vt 31.46668 0.2480762
vt 31.46669 -0.05431279
vt -31.75106 -0.3210412
vt -31.75105 -0.2042357
vt -31.46684 -0.3210412
vt -31.46684 -0.2042359
vt 31.75091 -0.2045883
vt 31.75092 -0.3213938
vt 31.46669 -0.2045885
vt 31.4667 -0.3213938
vt -31.56732 -208.2442
vt -31.56732 -207.9442
vt 30.65562 1.8
vt -2.8 -208.2434
vt -2.8 -208.0934
vt -2.8 -207.9434
vt -0.8 -207.9434
vt -0.8 -208.0934
vt -0.8 -208.2434
vt -32.25562 -208.2434
vt -32.25562 -207.9434
vt -30.65562 -207.9434
vt -30.65562 -208.0934
vt -30.65562 -208.2434
vt -0.7994886 -208.2434
vt -0.7994886 -208.0934
vt -0.7994886 -207.9434
vt -0.3421475 -207.9435
vt -0.3421476 -208.2435
vt 30.65563 -208.0934
vt 31.19317 -208.2435
vt 31.19317 -208.0935
vt -30.65565 -208.0939
vt -30.65565 -208.2439
vt -31.19319 -208.0941
vt -31.19319 -208.2441
vt 30.70882 1.8
vt 30.70882 2.8
vt 31.24636 1.800001
vt 31.24636 2.800001
vt 31.19317 -207.9435
vt -30.70875 2.8
vt -30.70875 1.8
vt -31.24629 2.800001
vt -31.24629 1.800001
vt -30.65565 -207.944
vt -31.19319 -207.9441
vt 31.55011 -208.2437
vt 31.55011 -208.0937
vt -31.55014 -208.0942
vt -31.55014 -208.2442
vt 31.27328 1.800001
vt 31.27328 2.800001
vt 31.63022 1.800001
vt 31.63022 2.800002
vt 31.55011 -207.9437
vt -31.27316 2.800001
vt -31.27316 1.800001
vt -31.63011 2.800002
vt -31.63011 1.800001
vt -31.55014 -207.9442
vt 1.797981 -207.9434
vt 1.797981 -208.0934
vt 1.682118 -207.9435
vt 1.682118 -208.0935
vt -1.797924 -208.0937
vt -1.797924 -207.9437
vt -1.68206 -208.0938
vt -1.68206 -207.9438
vt 31.27328 1.553195
vt 31.63022 1.553195
vt 31.27328 1.437331
vt 31.63023 1.437332
vt -1.797922 -208.2438
vt -1.682059 -208.2439
vt 1.797981 -208.2434
vt 1.682118 -208.2435
vt -31.63011 1.553551
vt -31.27316 1.55355
vt -31.63012 1.437687
vt -31.27317 1.437687
vt 30.70882 1.553187
vt 31.24636 1.553188
vt 30.70883 1.437324
vt 31.24637 1.437325
vt -31.24628 1.553544
vt -30.70874 1.553543
vt -31.24629 1.43768
vt -30.70875 1.43768
vt 1.670812 -207.9435
vt 1.670812 -208.0935
vt 1.653259 -207.9437
vt 1.653259 -208.0937
vt -1.670424 -208.0938
vt -1.670424 -207.9438
vt -1.652872 -208.0939
vt -1.652872 -207.944
vt 31.27329 0.05498532
vt 31.63023 0.05498592
vt 31.2733 0.03743229
vt 31.63024 0.03743288
vt -1.670412 -208.2439
vt -1.652859 -208.2441
vt -1.652859 -208.0941
vt 1.670812 -208.2435
vt 1.653259 -208.2437
vt -31.63012 0.05733287
vt -31.27317 0.05733227
vt -31.63013 0.03977984
vt -31.27318 0.03977924
vt 30.70883 0.05494135
vt 31.24637 0.05494194
vt 30.70884 0.03738832
vt 31.24638 0.03738891
vt -31.24629 0.05728891
vt -30.70875 0.05728832
vt -31.2463 0.03973588
vt -30.70876 0.03973529
vt 1.657847 -207.9437
vt 1.657847 -208.0937
vt 1.631078 -207.9438
vt 1.631078 -208.0938
vt -1.657593 -208.0939
vt -1.657593 -207.944
vt -1.630824 -208.0941
vt -1.630824 -207.9441
vt 31.27329 0.5983498
vt 31.63024 0.5983503
vt 31.2733 0.5715801
vt 31.63025 0.5715807
vt -1.657586 -208.2441
vt -1.657586 -208.0941
vt -1.630816 -208.2442
vt 1.657847 -208.2437
vt 1.631078 -208.2438
vt -31.63013 0.5998892
vt -31.27318 0.5998886
vt -31.63013 0.5731196
vt -31.27319 0.573119
vt 30.70884 0.5983207
vt 31.24638 0.5983213
vt 30.70885 0.5715511
vt 31.24639 0.5715517
vt -31.2463 0.5998602
vt -30.70876 0.5998596
vt -31.24631 0.5730906
vt -30.70877 0.57309
vt 1.632563 -207.9438
vt 1.632563 -208.0938
vt 1.600313 -207.944
vt 1.600313 -208.0939
vt -1.632352 -208.0941
vt -1.632352 -207.9441
vt -1.600103 -208.0942
vt -1.600103 -207.9442
vt 31.2733 0.7530989
vt 31.63025 0.7530995
vt 31.27331 0.7208494
vt 31.63025 0.72085
vt -1.632346 -208.2442
vt -1.600096 -208.2444
vt 1.632563 -208.2438
vt 1.600313 -208.2439
vt -31.63013 0.7543769
vt -31.27319 0.7543763
vt -31.63014 0.7221274
vt -31.2732 0.7221268
vt 30.70884 0.7530746
vt 31.24638 0.7530752
vt 30.70885 0.7208251
vt 31.24639 0.7208257
vt -31.24631 0.7543526
vt -30.70877 0.754352
vt -31.24632 0.7221032
vt -30.70877 0.7221026
vt -5.77316E-15 -208.2227
vt -1.05 -208.2227
vt 3.470804E-08 -208.2106
vt -1.05 -208.2106
vt 33.79006 -208.2314
vt 32.88063 -208.2312
vt -32.88063 -208.2312
vt -33.79006 -208.2313
vt 1.05 -208.2223
vt 1.227717E-07 -208.2223
vt 1.050001 -208.2101
vt 1.242231E-07 -208.2101
vt 31.57922 -208.2438
vt 31.57922 -208.0938
vt -32.53351 2.800002
vt -32.53351 1.800001
vt -32.56256 2.800003
vt -32.56256 1.800002
vt 32.53423 1.437559
vt 32.53422 1.553423
vt 32.56328 1.43756
vt 32.56327 1.553423
vt 32.53422 1.800001
vt 32.53422 2.800002
vt 32.56327 1.800002
vt 32.56327 2.800003
vt -32.53351 1.5536
vt -32.53352 1.437737
vt -32.56256 1.553601
vt -32.56257 1.437737
vt 32.53426 0.03893374
vt 32.53425 0.05648677
vt 32.56331 0.03893421
vt 32.5633 0.05648725
vt -32.53354 0.05765994
vt -32.53355 0.0401069
vt -32.56259 0.05766042
vt -32.5626 0.04010738
vt 32.53426 0.5725649
vt 32.53425 0.5993345
vt 32.56331 0.5725654
vt 32.5633 0.599335
vt -32.53354 0.6001038
vt -32.53355 0.5733342
vt -32.56259 0.6001043
vt -32.5626 0.5733346
vt 32.53426 0.721667
vt 32.53426 0.7539165
vt 32.56332 0.7216675
vt 32.5633 0.753917
vt -32.53355 0.754555
vt -32.53356 0.7223055
vt -32.5626 0.7545555
vt -32.56261 0.722306
vt -31.57921 -208.0944
vt -31.57921 -208.2444

vn 0 0 0
vn 0 1 0
vn 0 0.3420205 -0.9396925
vn -0.11709 0.2341839 -0.9651155
vn -0.1762419 -0.1762421 -0.9684408
vn -0.1204403 -2.833569E-07 -0.9927205
vn -0.08744451 0.2623334 -0.9610071
vn 0.1762418 0.1762417 -0.9684409
vn 0.09024838 0.09024826 -0.9918218
vn -0.09024832 -0.09024851 -0.9918218
vn 0.1170912 -0.2341826 -0.9651156
vn 0.1762419 -0.1762424 -0.9684407
vn 6.296821E-08 -0.1204406 -0.9927205
vn 0 0 -1
vn -1 0 0
vn 1 0 0
vn 0.7071193 0.7070943 0
vn -0.7071052 0.7071083 0
vn 0 0 1
vn 0.7071052 -0.7071083 0
vn -0.7071052 -0.7071083 0
vn 0 -1 0
vn 0 0.7071068 0.7071068
vn 0 -0.3420206 -0.9396924
vn -0.1762402 0.1762445 -0.9684407
vn -0.3420201 0 -0.9396926
vn 0.34202 0 -0.9396927
vn 0 -0.9999999 0.0003002771
vn 5.417322E-19 0.9999999 -0.0003002771
vn 0.0005813281 -0.9999998 0.0004541624
vn 0 -0.9999993 0.001175706
vn 0.001505029 -0.9999982 0.001175803
vn -0.0009646257 -0.9999989 0.001175654
vn 0 0.9999993 -0.001175701
vn -0.0008991233 0.9999996 -0.000300292
vn -0.0008991224 0.9999989 -0.001175764
vn 0.0008991224 -0.9999989 0.001175764
vn -0.9999999 0 -0.0004346615
vn 0.9999999 0 0.0004346615
vn -0.0003847358 -0.9999693 0.0078235
vn 0.0003847358 0.9999693 -0.0078235
vn -0.0003847381 -0.9999868 0.005129923
vn 0.0003847381 0.9999868 -0.005129923
vn -0.0003847382 -0.9999909 0.004258241
vn 0.0003847382 0.9999909 -0.004258241
vn 0.9999998 -0.0006273525 0
vn -0.9999998 0.0006273525 0
vn 0.004727459 0.9999889 0
vn -0.004727475 -0.9999881 0.001184943
vn -0.004727459 -0.9999889 0
vn 0.004727475 0.9999881 -0.001184943
vn -0.004727442 -0.9999582 0.007821526
vn 0.004727442 0.9999582 -0.007821526
vn -0.004727481 -0.9999757 0.005128629
vn 0.004727481 0.9999757 -0.005128629
vn -0.004727486 -0.9999797 0.004257166
vn 0.004727486 0.9999797 -0.004257166

usemtl Краска-01
f 3/1/1 2/1/1 1/1/1
f 4/2/2 6/4/2 5/3/2
f 25/23/3 24/22/3 23/21/3
f 28/26/6 27/25/5 26/24/4
f 28/29/6 26/28/4 29/27/3
f 29/27/3 31/31/3 30/30/7
f 30/30/7 33/33/9 34/34/10
f 33/37/9 32/36/8 35/35/11
f 38/40/13 37/39/12 36/38/5
f 41/43/14 40/42/14 39/41/14
f 44/46/14 43/45/14 42/44/14
f 59/65/14 21/64/14 20/63/14
f 89/96/15 43/95/15 88/94/15
f 94/103/16 1/95/16 93/102/16
f 8/110/14 2/109/14 98/108/14
f 33/115/9 35/114/11 34/113/10
f 104/120/14 103/119/14 102/118/14
f 105/121/14 103/119/14 104/120/14
f 113/129/14 112/128/14 111/127/14
f 114/130/14 112/128/14 113/129/14
f 130/144/2 129/144/2 128/144/2
f 131/144/2 129/144/2 130/144/2
f 134/145/2 133/145/2 132/145/2
f 135/145/2 133/145/2 134/145/2
f 138/146/2 137/146/2 136/146/2
f 136/146/2 137/146/2 139/146/2
f 140/147/2 120/147/2 122/147/2
f 141/147/2 120/147/2 140/147/2
f 144/150/14 143/149/14 142/148/14
f 145/151/14 143/149/14 144/150/14
f 153/43/14 152/42/14 151/41/14
f 154/157/14 152/42/14 153/43/14
f 160/165/2 152/164/2 156/163/2
f 161/166/2 152/164/2 160/165/2
f 164/169/2 163/168/2 162/167/2
f 165/170/2 163/168/2 164/169/2
f 167/173/2 40/172/2 166/171/2
f 166/171/2 40/172/2 168/174/2
f 171/177/2 170/176/2 169/175/2
f 172/178/2 170/176/2 171/177/2
f 173/165/2 112/164/2 116/163/2
f 174/166/2 112/164/2 173/165/2
f 177/170/2 176/168/2 175/169/2
f 175/169/2 176/168/2 178/167/2
f 181/171/2 180/172/2 179/174/2
f 182/173/2 180/172/2 181/171/2
f 185/178/2 184/176/2 183/177/2
f 183/177/2 184/176/2 186/175/2
f 187/165/2 103/164/2 107/163/2
f 188/166/2 103/164/2 187/165/2
f 191/170/2 190/168/2 189/169/2
f 189/169/2 190/168/2 192/167/2
f 221/240/22 220/239/22 210/229/22
f 45/302/15 15/98/15 261/301/15
f 504/437/22 500/438/22 507/434/22
f 503/413/22 500/438/22 504/437/22
f 208/777/19 92/782/19 95/779/19
f 208/777/19 193/783/19 92/782/19
f 69/98/16 71/451/16 478/1098/16
f 404/208/16 476/1099/16 468/1092/16
f 643/173/2 642/172/2 641/171/2
f 641/171/2 642/172/2 645/174/2
f 648/177/2 646/176/2 644/175/2
f 647/178/2 646/176/2 648/177/2
f 649/1108/2 143/164/2 147/1074/2
f 650/166/2 143/164/2 649/1108/2
f 632/1109/2 627/168/2 633/1110/2
f 633/1110/2 627/168/2 628/167/2
f 653/1112/2 654/172/2 651/1111/2
f 652/173/2 654/172/2 653/1112/2
f 655/1113/2 657/176/2 656/1114/2
f 656/1114/2 657/176/2 658/175/2
f 211/230/22 45/1184/22 210/229/22
f 211/230/22 669/1186/22 45/1184/22
f 669/1186/22 47/1185/22 45/1184/22
f 671/1188/22 670/1187/22 217/236/22
f 670/1187/22 214/233/22 217/236/22
f 670/1187/22 216/235/22 214/233/22
f 212/231/22 215/234/22 209/228/22
f 215/234/22 685/1231/22 209/228/22
f 215/234/22 213/232/22 685/1231/22
f 666/1204/14 667/1197/14 688/249/14
f 667/1197/14 686/1238/14 688/249/14
f 667/1197/14 211/51/14 686/1238/14
f 211/51/14 209/1239/14 686/1238/14
f 227/249/14 696/1238/14 229/251/14
f 696/1238/14 684/1217/14 229/251/14
f 696/1238/14 213/1239/14 684/1217/14
f 213/1239/14 216/1216/14 684/1217/14
f 218/237/22 697/241/22 219/238/22
f 697/241/22 698/1257/22 219/238/22
f 697/241/22 76/244/22 698/1257/22
f 679/251/14 680/1217/14 701/1262/14
f 680/1217/14 699/1263/14 701/1262/14
f 680/1217/14 671/1216/14 699/1263/14
f 671/1216/14 219/82/14 699/1263/14
f 757/1459/22 220/239/22 221/240/22
f 75/242/22 757/1459/22 221/240/22
f 75/242/22 723/243/22 757/1459/22
f 770/1469/14 769/1468/14 738/1467/14
f 218/1466/14 770/1469/14 738/1467/14
f 218/1466/14 220/1470/14 770/1469/14
f 715/1473/16 767/1472/16 717/1474/16
f 767/1472/16 725/1475/16 717/1474/16
f 767/1472/16 723/1471/16 725/1475/16
f 4/2/2 5/3/2 2/1/2
f 2/1/2 7/5/2 4/2/2
f 7/5/2 2/1/2 8/6/2
f 8/6/2 9/7/2 7/5/2
f 10/8/2 9/7/2 8/6/2
f 8/6/2 11/9/2 10/8/2
f 12/10/2 10/8/2 11/9/2
f 11/9/2 13/11/2 12/10/2
f 14/12/2 6/4/2 4/2/2
f 4/2/2 12/10/2 14/12/2
f 6/4/2 14/12/2 15/13/2
f 15/13/2 16/14/2 6/4/2
f 17/15/2 14/12/2 12/10/2
f 12/10/2 19/17/2 17/15/2
f 18/16/2 12/10/2 13/11/2
f 13/11/2 20/18/2 18/16/2
f 21/19/2 17/15/2 19/17/2
f 19/17/2 22/20/2 21/19/2
f 22/20/2 18/16/2 20/18/2
f 20/18/2 21/19/2 22/20/2
f 30/30/7 31/31/3 32/32/8
f 32/32/8 33/33/9 30/30/7
f 15/47/14 42/44/14 43/45/14
f 43/45/14 16/48/14 15/47/14
f 42/44/14 15/47/14 45/49/14
f 45/49/14 46/50/14 42/44/14
f 46/50/14 45/49/14 47/51/14
f 47/51/14 48/52/14 46/50/14
f 49/53/14 50/54/14 42/44/14
f 42/44/14 51/55/14 49/53/14
f 51/55/14 42/44/14 52/56/14
f 52/56/14 53/57/14 51/55/14
f 54/58/14 55/59/14 46/50/14
f 46/50/14 56/60/14 54/58/14
f 56/60/14 46/50/14 57/61/14
f 57/61/14 58/62/14 56/60/14
f 21/64/14 59/65/14 60/66/14
f 60/66/14 61/67/14 21/64/14
f 21/64/14 61/67/14 62/68/14
f 62/68/14 63/69/14 21/64/14
f 63/69/14 62/68/14 64/70/14
f 64/70/14 65/71/14 63/69/14
f 65/71/14 64/70/14 66/72/14
f 66/72/14 67/73/14 65/71/14
f 67/73/14 66/72/14 68/74/14
f 68/74/14 69/75/14 67/73/14
f 69/75/14 68/74/14 70/76/14
f 70/76/14 71/77/14 69/75/14
f 71/77/14 70/76/14 72/78/14
f 72/78/14 73/79/14 71/77/14
f 73/79/14 72/78/14 74/80/14
f 74/80/14 75/81/14 73/79/14
f 76/82/14 75/81/14 74/80/14
f 74/80/14 77/83/14 76/82/14
f 78/84/14 79/85/14 62/68/14
f 62/68/14 80/86/14 78/84/14
f 80/86/14 62/68/14 81/87/14
f 81/87/14 82/88/14 80/86/14
f 83/89/14 84/90/14 68/74/14
f 68/74/14 85/91/14 83/89/14
f 85/91/14 68/74/14 86/92/14
f 86/92/14 87/93/14 85/91/14
f 43/95/15 89/96/15 6/97/15
f 6/97/15 16/98/15 43/95/15
f 90/99/15 89/96/15 91/100/15
f 91/100/15 92/101/15 90/99/15
f 93/102/16 1/95/16 2/98/16
f 2/98/16 5/104/16 93/102/16
f 95/105/16 93/102/16 96/106/16
f 96/106/16 97/107/16 95/105/16
f 99/111/14 98/108/14 2/109/14
f 2/109/14 3/112/14 99/111/14
f 100/116/10 34/113/10 35/114/11
f 35/114/11 101/117/12 100/116/10
f 103/119/14 105/121/14 106/122/14
f 106/122/14 107/123/14 103/119/14
f 108/124/14 107/123/14 109/125/14
f 109/125/14 110/126/14 108/124/14
f 112/128/14 114/130/14 115/131/14
f 115/131/14 116/132/14 112/128/14
f 117/133/14 116/132/14 118/134/14
f 118/134/14 119/135/14 117/133/14
f 120/136/14 121/137/14 115/131/14
f 115/131/14 122/138/14 120/136/14
f 123/139/14 121/137/14 120/136/14
f 120/136/14 124/140/14 123/139/14
f 125/141/14 122/138/14 126/142/14
f 126/142/14 127/143/14 125/141/14
f 143/149/14 145/151/14 146/152/14
f 146/152/14 147/153/14 143/149/14
f 148/154/14 147/153/14 149/155/14
f 149/155/14 150/156/14 148/154/14
f 152/42/14 154/157/14 155/158/14
f 155/158/14 156/159/14 152/42/14
f 157/160/14 156/159/14 158/161/14
f 158/161/14 159/162/14 157/160/14
f 152/164/2 161/166/2 162/167/2
f 162/167/2 163/168/2 152/164/2
f 42/179/17 15/181/17 14/180/17
f 14/180/17 193/182/17 42/179/17
f 194/183/14 196/185/14 195/184/14
f 195/184/14 197/186/14 194/183/14
f 196/187/15 199/189/15 198/188/15
f 198/188/15 195/190/15 196/187/15
f 200/191/16 194/193/16 197/192/16
f 197/192/16 201/194/16 200/191/16
f 65/195/18 64/197/18 202/196/18
f 202/196/18 203/198/18 65/195/18
f 62/199/17 63/201/17 204/200/17
f 204/200/17 205/202/17 62/199/17
f 199/203/19 200/205/19 201/204/19
f 201/204/19 198/206/19 199/203/19
f 67/98/16 206/208/16 203/207/16
f 203/207/16 65/209/16 67/98/16
f 64/210/20 65/212/20 203/211/20
f 203/211/20 202/213/20 64/210/20
f 207/214/2 206/216/2 67/215/2
f 67/215/2 66/217/2 207/214/2
f 63/218/21 62/220/21 205/219/21
f 205/219/21 204/221/21 63/218/21
f 63/209/15 204/223/15 17/222/15
f 17/222/15 21/98/15 63/209/15
f 61/224/2 21/226/2 17/225/2
f 17/225/2 208/227/2 61/224/2
f 209/228/22 211/230/22 210/229/22
f 210/229/22 212/231/22 209/228/22
f 213/232/22 215/234/22 214/233/22
f 214/233/22 216/235/22 213/232/22
f 217/236/22 212/231/22 218/237/22
f 218/237/22 219/238/22 217/236/22
f 218/237/22 212/231/22 210/229/22
f 210/229/22 220/239/22 218/237/22
f 222/241/22 224/243/22 223/242/22
f 223/242/22 225/244/22 222/241/22
f 226/245/20 210/247/20 45/246/20
f 45/246/20 46/248/20 226/245/20
f 227/249/14 229/251/14 228/250/14
f 228/250/14 230/252/14 227/249/14
f 231/253/14 232/254/14 72/78/14
f 72/78/14 233/255/14 231/253/14
f 233/255/14 72/78/14 234/256/14
f 234/256/14 235/257/14 233/255/14
f 236/258/14 237/259/14 64/70/14
f 64/70/14 238/260/14 236/258/14
f 238/260/14 64/70/14 239/261/14
f 239/261/14 240/262/14 238/260/14
f 74/263/2 75/265/2 221/264/2
f 221/264/2 241/266/2 74/263/2
f 242/267/15 244/269/15 243/268/15
f 243/268/15 245/270/15 242/267/15
f 246/271/19 247/273/19 224/272/19
f 224/272/19 222/274/19 246/271/19
f 248/275/16 249/277/16 217/276/16
f 217/276/16 214/278/16 248/275/16
f 249/279/14 250/281/14 212/280/14
f 212/280/14 217/282/14 249/279/14
f 250/283/15 251/285/15 215/284/15
f 215/284/15 212/286/15 250/283/15
f 251/287/19 248/289/19 214/288/19
f 214/288/19 215/290/19 251/287/19
f 252/291/15 254/293/15 253/292/15
f 253/292/15 255/294/15 252/291/15
f 255/294/15 256/295/15 14/222/15
f 14/222/15 210/297/15 255/294/15
f 14/222/15 256/295/15 257/296/15
f 257/296/15 15/98/15 14/222/15
f 261/301/15 15/98/15 257/296/15
f 257/296/15 258/298/15 261/301/15
f 259/299/15 255/294/15 210/297/15
f 210/297/15 260/300/15 259/299/15
f 261/301/15 260/300/15 210/297/15
f 210/297/15 45/302/15 261/301/15
f 262/303/15 259/299/15 263/304/15
f 263/304/15 258/298/15 262/303/15
f 193/305/21 14/307/21 15/306/21
f 15/306/21 42/308/21 193/305/21
f 46/309/18 45/311/18 210/310/18
f 210/310/18 226/312/18 46/309/18
f 264/313/19 265/315/19 253/314/19
f 253/314/19 257/316/19 264/313/19
f 265/317/22 266/319/22 255/318/22
f 255/318/22 253/320/22 265/317/22
f 266/321/14 267/323/14 256/322/14
f 256/322/14 255/324/14 266/321/14
f 267/325/2 264/327/2 257/326/2
f 257/326/2 256/328/2 267/325/2
f 268/329/19 269/331/19 261/330/19
f 261/330/19 258/332/19 268/329/19
f 269/317/22 270/319/22 260/318/22
f 260/318/22 261/320/22 269/317/22
f 270/333/14 271/335/14 263/334/14
f 263/334/14 260/336/14 270/333/14
f 271/325/2 268/327/2 258/326/2
f 258/326/2 263/328/2 271/325/2
f 272/337/19 273/339/19 262/338/19
f 262/338/19 254/340/19 272/337/19
f 273/317/22 274/319/22 259/318/22
f 259/318/22 262/320/22 273/317/22
f 274/341/14 275/343/14 252/342/14
f 252/342/14 259/344/14 274/341/14
f 275/325/2 272/327/2 254/326/2
f 254/326/2 252/328/2 275/325/2
f 276/345/14 278/347/14 277/346/14
f 277/346/14 279/348/14 276/345/14
f 279/348/14 277/346/14 280/41/14
f 280/41/14 281/349/14 279/348/14
f 282/350/14 284/352/14 283/351/14
f 283/351/14 285/353/14 282/350/14
f 285/353/14 283/351/14 286/354/14
f 286/354/14 287/355/14 285/353/14
f 288/356/19 290/358/19 289/357/19
f 289/357/19 291/359/19 288/356/19
f 291/359/19 289/357/19 292/360/19
f 292/360/19 293/361/19 291/359/19
f 293/361/19 292/360/19 294/362/19
f 294/362/19 295/363/19 293/361/19
f 296/364/14 298/366/14 297/365/14
f 297/365/14 299/367/14 296/364/14
f 300/368/15 301/370/15 299/369/15
f 299/369/15 297/371/15 300/368/15
f 301/372/19 300/374/19 302/373/19
f 302/373/19 303/375/19 301/372/19
f 303/375/19 302/373/19 304/376/19
f 304/376/19 305/377/19 303/375/19
f 306/378/14 308/380/14 307/379/14
f 307/379/14 309/381/14 306/378/14
f 309/381/14 307/379/14 310/382/14
f 310/382/14 311/383/14 309/381/14
f 312/384/19 314/386/19 313/385/19
f 313/385/19 315/387/19 312/384/19
f 316/388/19 315/387/19 317/389/19
f 317/389/19 318/390/19 316/388/19
f 316/388/19 320/392/19 319/391/19
f 319/391/19 321/393/19 316/388/19
f 322/394/2 315/396/15 313/395/16
f 313/395/16 323/397/16 322/394/2
f 324/398/2 312/400/2 315/399/2
f 315/399/2 322/401/2 324/398/2
f 325/402/2 322/401/2 315/399/2
f 315/399/2 316/403/2 325/402/2
f 325/402/2 316/403/2 326/404/2
f 326/404/2 327/405/2 325/402/2
f 328/406/2 326/404/2 316/403/2
f 316/403/2 321/407/2 328/406/2
f 328/406/2 321/407/2 329/408/2
f 329/408/2 330/409/2 328/406/2
f 314/410/15 312/411/15 324/394/15
f 324/394/15 331/397/15 314/410/15
f 323/412/22 313/414/22 314/413/22
f 314/413/22 331/415/22 323/412/22
f 322/416/14 323/418/14 331/417/14
f 331/417/14 324/419/14 322/416/14
f 332/420/14 333/421/14 322/416/14
f 322/416/14 325/422/14 332/420/14
f 334/423/14 325/422/14 327/424/14
f 327/424/14 335/425/14 334/423/14
f 320/410/15 316/411/15 325/394/15
f 325/394/15 334/397/15 320/410/15
f 321/396/16 319/395/16 336/397/16
f 336/397/16 329/394/16 321/396/16
f 336/426/14 337/428/14 330/427/14
f 330/427/14 329/429/14 336/426/14
f 338/430/15 328/431/15 330/394/15
f 330/394/15 337/397/15 338/430/15
f 339/425/14 341/424/14 340/427/14
f 340/427/14 342/428/14 339/425/14
f 335/397/16 327/394/16 326/432/16
f 326/432/16 343/433/16 335/397/16
f 338/434/22 337/436/22 336/435/22
f 336/435/22 319/437/22 338/434/22
f 343/438/22 338/434/22 319/437/22
f 319/437/22 320/439/22 343/438/22
f 343/438/22 320/439/22 334/440/22
f 334/440/22 335/441/22 343/438/22
f 241/442/2 221/444/2 75/443/2
f 75/443/2 74/445/2 241/442/2
f 344/446/18 345/448/18 72/447/18
f 72/447/18 73/449/18 344/446/18
f 344/450/15 73/451/15 75/302/15
f 75/302/15 221/297/15 344/450/15
f 346/452/16 332/453/16 325/394/16
f 325/394/16 316/396/16 346/452/16
f 347/454/16 346/452/16 316/396/16
f 316/396/16 318/455/16 347/454/16
f 347/454/16 318/455/16 348/456/16
f 348/456/16 349/457/16 347/454/16
f 347/458/2 349/402/2 350/401/2
f 350/401/2 351/459/2 347/458/2
f 352/420/14 354/461/14 353/460/14
f 353/460/14 355/421/14 352/420/14
f 332/440/22 346/463/22 356/462/22
f 356/462/22 333/412/22 332/440/22
f 317/414/22 357/412/22 348/440/22
f 348/440/22 318/439/22 317/414/22
f 350/460/14 349/461/14 348/464/14
f 348/464/14 357/465/14 350/460/14
f 351/466/15 350/457/15 357/456/15
f 357/456/15 317/467/15 351/466/15
f 356/468/15 351/466/15 317/467/15
f 317/467/15 315/411/15 356/468/15
f 356/468/15 315/411/15 322/394/2
f 322/394/2 333/453/15 356/468/15
f 304/469/22 311/471/22 310/470/22
f 310/470/22 305/472/22 304/469/22
f 73/473/20 72/475/20 345/474/20
f 345/474/20 344/476/20 73/473/20
f 70/477/21 71/479/21 358/478/21
f 358/478/21 359/480/21 70/477/21
f 360/481/16 362/483/16 361/482/16
f 361/482/16 363/484/16 360/481/16
f 362/485/14 365/487/14 364/486/14
f 364/486/14 361/488/14 362/485/14
f 365/489/15 367/491/15 366/490/15
f 366/490/15 364/492/15 365/489/15
f 367/493/19 360/495/19 363/494/19
f 363/494/19 366/496/19 367/493/19
f 368/497/23 370/499/23 369/498/19
f 369/498/19 371/500/19 368/497/23
f 371/500/19 369/498/19 372/501/19
f 372/501/19 373/502/19 371/500/19
f 373/502/19 372/501/19 374/503/19
f 374/503/19 375/504/19 373/502/19
f 375/504/19 374/503/19 376/505/19
f 376/505/19 377/506/19 375/504/19
f 377/506/19 376/505/19 378/507/19
f 378/507/19 379/508/19 377/506/19
f 379/508/19 378/507/19 380/509/19
f 380/509/19 381/510/19 379/508/19
f 382/511/2 383/513/2 370/512/23
f 370/512/23 368/514/23 382/511/2
f 383/515/14 382/517/14 384/516/14
f 384/516/14 385/518/14 383/515/14
f 386/519/14 385/518/14 384/516/14
f 384/516/14 387/520/14 386/519/14
f 388/521/14 386/519/14 387/520/14
f 387/520/14 389/522/14 388/521/14
f 390/523/14 388/521/14 389/522/14
f 389/522/14 391/524/14 390/523/14
f 392/525/14 390/523/14 391/524/14
f 391/524/14 393/526/14 392/525/14
f 392/525/14 393/526/14 394/527/14
f 394/527/14 395/528/14 392/525/14
f 396/451/16 398/530/16 397/529/16
f 397/529/16 399/531/16 396/451/16
f 400/407/2 398/533/2 396/532/2
f 396/532/2 401/408/2 400/407/2
f 398/534/19 400/536/19 402/535/19
f 402/535/19 397/537/19 398/534/19
f 403/435/22 399/539/22 397/538/22
f 397/538/22 402/437/22 403/435/22
f 401/540/14 396/542/14 399/541/14
f 399/541/14 403/543/14 401/540/14
f 400/450/15 401/451/15 403/531/15
f 403/531/15 402/544/15 400/450/15
f 206/545/2 67/546/2 69/398/2
f 69/398/2 404/400/2 206/545/2
f 405/547/18 404/549/18 69/548/18
f 69/548/18 68/550/18 405/547/18
f 66/551/2 67/553/2 206/552/2
f 206/552/2 207/554/2 66/551/2
f 406/555/2 408/557/2 407/556/2
f 407/556/2 409/558/2 406/555/2
f 410/559/14 412/561/14 411/560/14
f 411/560/14 413/562/14 410/559/14
f 413/562/14 411/560/14 408/563/14
f 408/563/14 406/564/14 413/562/14
f 406/564/14 408/563/14 414/565/14
f 414/565/14 415/566/14 406/564/14
f 416/567/19 418/569/19 417/568/19
f 417/568/19 419/570/19 416/567/19
f 419/570/19 417/568/19 409/571/19
f 409/571/19 407/572/19 419/570/19
f 407/572/19 409/571/19 420/573/19
f 420/573/19 421/574/19 407/572/19
f 422/575/14 424/577/14 423/576/14
f 423/576/14 425/578/14 422/575/14
f 380/579/22 427/581/22 426/580/22
f 426/580/22 381/582/22 380/579/22
f 428/583/14 429/585/14 426/584/14
f 426/584/14 427/586/14 428/583/14
f 96/587/22 89/589/22 90/588/22
f 90/588/22 97/590/22 96/587/22
f 5/109/14 6/48/14 89/591/14
f 89/591/14 96/592/14 5/109/14
f 93/593/14 91/594/14 88/45/14
f 88/45/14 94/595/14 93/593/14
f 91/4/2 93/3/2 95/596/2
f 95/596/2 92/597/2 91/4/2
f 21/598/2 61/600/2 208/599/2
f 208/599/2 17/601/2 21/598/2
f 98/95/15 430/603/15 11/602/15
f 11/602/15 8/98/15 98/95/15
f 431/108/14 433/65/14 432/63/14
f 432/63/14 434/110/14 431/108/14
f 435/604/16 59/95/16 20/98/16
f 20/98/16 13/605/16 435/604/16
f 436/606/14 437/608/14 19/607/14
f 19/607/14 12/609/14 436/606/14
f 437/610/16 438/612/16 22/611/16
f 22/611/16 19/613/16 437/610/16
f 438/614/19 439/616/19 18/615/19
f 18/615/19 22/617/19 438/614/19
f 439/618/15 436/620/15 12/619/15
f 12/619/15 18/621/15 439/618/15
f 440/622/14 441/624/14 10/623/14
f 10/623/14 4/625/14 440/622/14
f 441/610/16 442/612/16 9/611/16
f 9/611/16 10/613/16 441/610/16
f 442/626/19 443/628/19 7/627/19
f 7/627/19 9/629/19 442/626/19
f 443/618/15 440/620/15 4/619/15
f 4/619/15 7/621/15 443/618/15
f 444/630/14 446/632/14 445/631/14
f 445/631/14 447/633/14 444/630/14
f 448/634/19 450/636/19 449/635/19
f 449/635/19 451/637/19 448/634/19
f 449/638/16 453/640/16 452/639/16
f 452/639/16 451/641/16 449/638/16
f 454/642/14 455/644/14 452/643/14
f 452/643/14 453/645/14 454/642/14
f 408/646/16 407/647/16 421/208/16
f 421/208/16 414/98/16 408/646/16
f 409/648/2 407/650/2 408/649/2
f 408/649/2 406/651/2 409/648/2
f 456/539/22 458/538/22 457/437/22
f 457/437/22 459/435/22 456/539/22
f 409/652/15 406/653/15 415/98/15
f 415/98/15 420/222/15 409/652/15
f 460/654/22 462/656/22 461/655/22
f 461/655/22 463/657/22 460/654/22
f 462/658/14 465/660/14 464/659/14
f 464/659/14 461/661/14 462/658/14
f 466/662/19 460/664/19 463/663/19
f 463/663/19 467/665/19 466/662/19
f 71/666/17 70/668/17 359/667/17
f 359/667/17 358/669/17 71/666/17
f 68/670/20 69/672/20 404/671/20
f 404/671/20 405/673/20 68/670/20
f 468/674/2 470/676/2 469/675/2
f 469/675/2 471/677/2 468/674/2
f 472/678/14 468/680/14 471/679/14
f 471/679/14 473/681/14 472/678/14
f 474/682/22 472/684/22 473/683/22
f 473/683/22 475/685/22 474/682/22
f 470/686/19 474/688/19 475/687/19
f 475/687/19 469/689/19 470/686/19
f 476/674/2 478/676/2 477/675/2
f 477/675/2 479/677/2 476/674/2
f 480/690/14 476/692/14 479/691/14
f 479/691/14 481/693/14 480/690/14
f 482/682/22 480/684/22 481/683/22
f 481/683/22 483/685/22 482/682/22
f 478/694/19 482/696/19 483/695/19
f 483/695/19 477/697/19 478/694/19
f 465/698/2 466/700/2 467/699/2
f 467/699/2 464/701/2 465/698/2
f 484/702/14 486/704/14 485/703/14
f 485/703/14 487/705/14 484/702/14
f 488/706/19 490/708/19 489/707/19
f 489/707/19 491/709/19 488/706/19
f 492/404/2 494/405/2 493/398/2
f 493/398/2 495/400/2 492/404/2
f 496/406/2 492/404/2 495/400/2
f 495/400/2 497/407/2 496/406/2
f 496/406/2 497/407/2 498/408/2
f 498/408/2 499/409/2 496/406/2
f 494/456/16 492/711/16 500/710/16
f 500/710/16 501/712/16 494/456/16
f 494/713/14 501/715/14 502/714/14
f 502/714/14 493/716/14 494/713/14
f 495/467/15 493/456/15 502/712/15
f 502/712/15 503/717/15 495/467/15
f 495/718/19 503/720/19 504/719/19
f 504/719/19 497/721/19 495/718/19
f 504/722/16 505/712/16 498/456/16
f 498/456/16 497/455/16 504/722/16
f 506/723/14 499/725/14 498/724/14
f 498/724/14 505/726/14 506/723/14
f 496/727/15 499/456/15 506/712/15
f 506/712/15 507/728/15 496/727/15
f 508/713/14 510/725/14 509/723/14
f 509/723/14 511/715/14 508/713/14
f 507/434/22 506/436/22 505/435/22
f 505/435/22 504/437/22 507/434/22
f 500/438/22 503/413/22 502/415/22
f 502/415/22 501/441/22 500/438/22
f 30/729/24 512/731/24 27/730/5
f 27/730/5 28/732/6 30/729/24
f 513/733/25 29/735/3 26/734/4
f 26/734/4 514/736/25 513/733/25
f 513/737/25 514/739/25 24/738/26
f 24/738/26 25/740/26 513/737/25
f 30/741/7 34/743/10 100/742/10
f 100/742/10 512/744/26 30/741/7
f 512/744/26 100/742/10 38/745/13
f 38/745/13 36/746/5 512/744/26
f 100/747/10 101/749/12 37/748/12
f 37/748/12 38/750/13 100/747/10
f 23/751/27 31/753/27 513/752/27
f 513/752/27 25/754/27 23/751/27
f 515/755/19 517/757/19 516/756/19
f 516/756/19 405/758/19 515/755/19
f 405/758/19 516/756/19 518/759/19
f 518/759/19 519/760/19 405/758/19
f 404/761/19 405/758/19 207/762/19
f 207/762/19 206/763/19 404/761/19
f 405/758/19 404/761/19 358/764/19
f 358/764/19 359/766/19 405/758/19
f 206/763/19 207/762/19 202/765/19
f 202/765/19 203/767/19 206/763/19
f 359/766/19 358/764/19 344/768/19
f 344/768/19 345/771/19 359/766/19
f 203/767/19 202/765/19 205/769/19
f 205/769/19 204/770/19 203/767/19
f 345/771/19 344/768/19 221/772/19
f 221/772/19 241/773/19 345/771/19
f 241/773/19 221/772/19 210/774/19
f 210/774/19 226/775/19 241/773/19
f 226/775/19 210/774/19 14/776/19
f 14/776/19 193/783/19 226/775/19
f 204/770/19 205/769/19 208/777/19
f 208/777/19 17/778/19 204/770/19
f 17/778/19 208/777/19 95/779/19
f 95/779/19 97/780/19 17/778/19
f 14/776/19 17/778/19 97/780/19
f 97/780/19 90/781/19 14/776/19
f 14/776/19 90/781/19 92/782/19
f 92/782/19 193/783/19 14/776/19
f 520/784/19 521/785/19 345/771/19
f 345/771/19 522/786/19 520/784/19
f 522/786/19 345/771/19 523/787/19
f 523/787/19 524/788/19 522/786/19
f 525/789/19 526/790/19 226/775/19
f 226/775/19 527/791/19 525/789/19
f 527/791/19 226/775/19 528/792/19
f 528/792/19 529/793/19 527/791/19
f 530/794/19 531/795/19 193/783/19
f 193/783/19 532/796/19 530/794/19
f 532/796/19 193/783/19 533/797/19
f 533/797/19 534/798/19 532/796/19
f 405/799/2 516/801/2 85/800/2
f 85/800/2 68/802/2 405/799/2
f 405/803/16 68/805/16 84/804/16
f 84/804/16 515/806/16 405/803/16
f 515/807/2 84/809/2 83/808/2
f 83/808/2 517/810/2 515/807/2
f 519/811/2 86/812/2 68/809/2
f 68/809/2 405/807/2 519/811/2
f 516/813/2 405/815/2 68/814/2
f 68/814/2 85/816/2 516/813/2
f 86/805/16 519/803/16 518/817/16
f 518/817/16 87/818/16 86/805/16
f 345/819/2 522/821/2 233/820/2
f 233/820/2 72/822/2 345/819/2
f 345/823/15 72/825/15 232/824/15
f 232/824/15 523/826/15 345/823/15
f 523/827/22 232/829/22 231/828/22
f 231/828/22 524/830/22 523/827/22
f 72/822/2 233/820/2 522/831/2
f 522/831/2 345/832/2 72/822/2
f 72/829/22 345/827/22 521/833/22
f 521/833/22 234/834/22 72/829/22
f 234/825/15 521/823/15 520/835/15
f 520/835/15 235/836/15 234/825/15
f 535/837/19 536/838/19 205/769/19
f 205/769/19 537/839/19 535/837/19
f 537/839/19 205/769/19 538/840/19
f 538/840/19 539/841/19 537/839/19
f 62/842/2 80/844/2 537/843/2
f 537/843/2 205/845/2 62/842/2
f 62/846/15 205/848/15 536/847/15
f 536/847/15 81/849/15 62/846/15
f 535/850/2 82/852/2 81/851/2
f 81/851/2 536/853/2 535/850/2
f 205/854/2 537/855/2 80/844/2
f 80/844/2 62/842/2 205/854/2
f 205/853/2 62/851/2 79/856/2
f 79/856/2 538/857/2 205/853/2
f 78/858/15 539/859/15 538/848/15
f 538/848/15 79/846/15 78/858/15
f 540/860/2 239/862/2 64/861/2
f 64/861/2 202/863/2 540/860/2
f 541/864/2 202/866/2 64/865/2
f 64/865/2 238/867/2 541/864/2
f 542/868/19 540/869/19 202/765/19
f 202/765/19 541/870/19 542/868/19
f 541/870/19 202/765/19 543/871/19
f 543/871/19 544/872/19 541/870/19
f 239/846/16 540/874/16 542/873/16
f 542/873/16 240/858/16 239/846/16
f 202/875/2 541/876/2 238/867/2
f 238/867/2 64/865/2 202/875/2
f 202/874/16 64/846/16 237/849/16
f 237/849/16 543/877/16 202/874/16
f 543/863/2 237/861/2 236/878/2
f 236/878/2 544/879/2 543/863/2
f 545/880/19 547/882/19 546/881/19
f 546/881/19 359/766/19 545/880/19
f 359/766/19 546/881/19 548/883/19
f 548/883/19 549/884/19 359/766/19
f 359/885/2 546/887/2 550/886/2
f 550/886/2 70/888/2 359/885/2
f 359/889/22 70/891/22 551/890/22
f 551/890/22 545/892/22 359/889/22
f 552/836/16 547/894/16 545/893/16
f 545/893/16 551/825/16 552/836/16
f 552/895/14 551/896/14 70/76/14
f 70/76/14 550/897/14 552/895/14
f 550/897/14 70/76/14 553/898/14
f 553/898/14 554/899/14 550/897/14
f 549/900/16 553/824/16 70/825/16
f 70/825/16 359/893/16 549/900/16
f 546/901/2 359/902/2 70/888/2
f 70/888/2 550/886/2 546/901/2
f 548/903/22 554/904/22 553/891/22
f 553/891/22 549/889/22 548/903/22
f 42/905/2 51/907/2 532/906/2
f 532/906/2 193/908/2 42/905/2
f 42/805/15 193/910/15 531/909/15
f 531/909/15 52/804/15 42/805/15
f 530/911/2 53/913/2 52/912/2
f 52/912/2 531/914/2 530/911/2
f 193/915/2 532/917/2 51/916/2
f 51/916/2 42/918/2 193/915/2
f 193/914/2 42/912/2 50/919/2
f 50/919/2 533/920/2 193/914/2
f 49/818/15 534/921/15 533/910/15
f 533/910/15 50/805/15 49/818/15
f 46/922/2 56/924/2 527/923/2
f 527/923/2 226/925/2 46/922/2
f 46/926/22 226/928/22 526/927/22
f 526/927/22 57/929/22 46/926/22
f 57/930/15 526/932/15 525/931/15
f 525/931/15 58/933/15 57/930/15
f 226/934/2 527/935/2 56/924/2
f 56/924/2 46/922/2 226/934/2
f 226/932/15 46/930/15 55/936/15
f 55/936/15 528/937/15 226/932/15
f 528/928/22 55/926/22 54/938/22
f 54/938/22 529/939/22 528/928/22
f 555/940/14 192/941/14 190/119/14
f 190/119/14 556/118/14 555/940/14
f 557/942/14 555/940/14 556/118/14
f 556/118/14 558/122/14 557/942/14
f 557/942/14 558/122/14 191/123/14
f 191/123/14 189/943/14 557/942/14
f 559/944/14 178/945/14 176/128/14
f 176/128/14 560/127/14 559/944/14
f 561/946/14 559/944/14 560/127/14
f 560/127/14 562/131/14 561/946/14
f 561/946/14 562/131/14 177/132/14
f 177/132/14 175/947/14 561/946/14
f 563/948/14 562/131/14 138/138/14
f 138/138/14 136/949/14 563/948/14
f 562/131/14 563/948/14 564/950/14
f 564/950/14 565/140/14 562/131/14
f 137/136/14 565/140/14 564/950/14
f 564/950/14 139/951/14 137/136/14
f 566/952/14 568/954/14 567/953/14
f 567/953/14 569/955/14 566/952/14
f 570/956/14 572/957/14 571/955/14
f 571/955/14 573/953/14 570/956/14
f 574/954/14 576/952/14 575/958/14
f 575/958/14 577/959/14 574/954/14
f 578/960/14 580/962/14 579/961/14
f 579/961/14 581/963/14 578/960/14
f 582/964/14 584/966/14 583/965/14
f 583/965/14 585/967/14 582/964/14
f 139/968/16 137/970/16 120/969/16
f 120/969/16 141/971/16 139/968/16
f 586/972/2 588/974/2 587/973/15
f 587/973/15 589/975/15 586/972/2
f 589/976/14 587/978/14 590/977/14
f 590/977/14 591/979/14 589/976/14
f 591/980/16 590/982/16 592/981/2
f 592/981/2 593/983/2 591/980/16
f 594/984/14 595/985/14 593/979/14
f 593/979/14 592/977/14 594/984/14
f 592/977/14 593/979/14 586/976/14
f 586/976/14 588/978/14 592/977/14
f 588/978/14 586/976/14 596/986/14
f 596/986/14 597/987/14 588/978/14
f 595/972/15 594/974/15 598/988/15
f 598/988/15 599/989/15 595/972/15
f 599/990/19 598/992/19 600/991/19
f 600/991/19 601/993/19 599/990/19
f 601/994/16 600/995/16 597/981/16
f 597/981/16 596/983/16 601/994/16
f 593/972/2 592/974/2 602/996/15
f 602/996/15 603/997/15 593/972/2
f 603/998/19 602/1000/19 604/999/19
f 604/999/19 605/1001/19 603/998/19
f 605/1002/16 604/1003/16 588/981/2
f 588/981/2 586/983/2 605/1002/16
f 593/1004/2 603/1006/2 605/1005/2
f 605/1005/2 586/1007/2 593/1004/2
f 591/1008/2 593/1004/2 595/1009/2
f 595/1009/2 599/1010/2 591/1008/2
f 589/1011/2 591/1008/2 599/1010/2
f 599/1010/2 601/1012/2 589/1011/2
f 586/1007/2 589/1011/2 601/1012/2
f 601/1012/2 596/1013/2 586/1007/2
f 604/1014/22 602/1016/22 592/1015/22
f 592/1015/22 588/1017/22 604/1014/22
f 598/1018/22 594/1019/22 592/1015/22
f 592/1015/22 590/1020/22 598/1018/22
f 600/1021/22 598/1018/22 590/1020/22
f 590/1020/22 587/1022/22 600/1021/22
f 587/1022/22 588/1017/22 597/1023/22
f 597/1023/22 600/1021/22 587/1022/22
f 606/1024/14 608/1026/14 607/1025/14
f 607/1025/14 609/1027/14 606/1024/14
f 609/1028/15 607/1030/15 610/1029/15
f 610/1029/15 611/1031/15 609/1028/15
f 611/1032/19 610/1034/19 612/1033/19
f 612/1033/19 613/1035/19 611/1032/19
f 613/1036/16 612/1038/16 608/1037/16
f 608/1037/16 606/1039/16 613/1036/16
f 606/1040/2 609/1042/2 611/1041/2
f 611/1041/2 613/1043/2 606/1040/2
f 608/1044/22 612/1046/22 610/1045/22
f 610/1045/22 607/1047/22 608/1044/22
f 614/1036/16 616/1038/16 615/1037/16
f 615/1037/16 617/1039/16 614/1036/16
f 617/1048/14 615/1050/14 618/1049/14
f 618/1049/14 619/1051/14 617/1048/14
f 619/1028/15 618/1030/15 620/1029/15
f 620/1029/15 621/1031/15 619/1028/15
f 621/1052/19 620/1054/19 616/1053/19
f 616/1053/19 614/1055/19 621/1052/19
f 614/1056/2 617/1058/2 619/1057/2
f 619/1057/2 621/1059/2 614/1056/2
f 616/1060/22 620/1062/22 618/1061/22
f 618/1061/22 615/1063/22 616/1060/22
f 622/1064/22 624/1066/22 623/1065/22
f 623/1065/22 625/1067/22 622/1064/22
f 626/1068/14 628/1069/14 627/149/14
f 627/149/14 629/148/14 626/1068/14
f 630/1070/14 626/1068/14 629/148/14
f 629/148/14 631/152/14 630/1070/14
f 630/1070/14 631/152/14 632/153/14
f 632/153/14 633/1071/14 630/1070/14
f 150/1072/2 149/1074/2 634/1073/2
f 634/1073/2 635/1075/2 150/1072/2
f 636/1076/22 637/1078/22 153/1077/22
f 153/1077/22 151/1079/22 636/1076/22
f 163/1080/16 636/1082/16 151/1081/16
f 151/1081/16 152/1083/16 163/1080/16
f 638/1084/14 162/1085/14 163/42/14
f 163/42/14 636/41/14 638/1084/14
f 639/1086/14 638/1084/14 636/41/14
f 636/41/14 640/158/14 639/1086/14
f 639/1086/14 640/158/14 165/159/14
f 165/159/14 164/1087/14 639/1086/14
f 470/1088/16 460/1090/16 466/1089/16
f 466/1089/16 482/1093/16 470/1088/16
f 462/1091/16 460/1090/16 470/1088/16
f 470/1088/16 468/1092/16 462/1091/16
f 465/1094/16 462/1091/16 468/1092/16
f 468/1092/16 480/1095/16 465/1094/16
f 466/1089/16 465/1094/16 480/1095/16
f 480/1095/16 482/1093/16 466/1089/16
f 478/1098/16 71/451/16 474/1096/16
f 474/1096/16 482/1093/16 478/1098/16
f 472/1097/16 474/1096/16 71/451/16
f 71/451/16 358/530/16 472/1097/16
f 468/1092/16 472/1097/16 358/530/16
f 358/530/16 404/208/16 468/1092/16
f 69/98/16 478/1098/16 476/1099/16
f 476/1099/16 404/208/16 69/98/16
f 363/1100/22 71/415/22 73/242/22
f 73/242/22 366/1101/22 363/1100/22
f 358/413/22 71/415/22 363/1100/22
f 363/1100/22 361/1102/22 358/413/22
f 364/1103/22 366/1101/22 73/242/22
f 73/242/22 344/240/22 364/1103/22
f 344/240/22 358/413/22 361/1102/22
f 361/1102/22 364/1103/22 344/240/22
f 194/1104/2 200/1105/2 65/546/2
f 65/546/2 203/545/2 194/1104/2
f 65/546/2 200/1105/2 199/1106/2
f 199/1106/2 63/19/2 65/546/2
f 196/1107/2 194/1104/2 203/545/2
f 203/545/2 204/15/2 196/1107/2
f 204/15/2 63/19/2 199/1106/2
f 199/1106/2 196/1107/2 204/15/2
f 642/172/2 643/173/2 644/175/2
f 644/175/2 646/176/2 642/172/2
f 641/171/2 645/174/2 647/178/2
f 647/178/2 648/177/2 641/171/2
f 649/1108/2 147/1074/2 632/1109/2
f 632/1109/2 633/1110/2 649/1108/2
f 650/166/2 649/1108/2 633/1110/2
f 633/1110/2 628/167/2 650/166/2
f 143/164/2 650/166/2 628/167/2
f 628/167/2 627/168/2 143/164/2
f 633/1110/2 632/1109/2 651/1111/2
f 651/1111/2 653/1112/2 633/1110/2
f 627/168/2 628/167/2 652/173/2
f 652/173/2 654/172/2 627/168/2
f 653/1112/2 651/1111/2 655/1113/2
f 655/1113/2 656/1114/2 653/1112/2
f 652/173/2 653/1112/2 656/1114/2
f 656/1114/2 658/175/2 652/173/2
f 654/172/2 652/173/2 658/175/2
f 658/175/2 657/176/2 654/172/2
f 420/1116/14 457/566/14 458/565/14
f 458/565/14 421/1115/14 420/1116/14
f 421/1120/15 458/1118/15 456/1117/15
f 456/1117/15 414/1119/15 421/1120/15
f 415/1123/16 459/1117/16 457/1121/16
f 457/1121/16 420/1122/16 415/1123/16
f 414/1125/19 456/574/19 459/573/19
f 459/573/19 415/1124/19 414/1125/19
f 510/1127/16 496/711/16 507/710/16
f 507/710/16 509/1126/16 510/1127/16
f 508/1131/2 492/1129/2 496/1128/2
f 496/1128/2 510/1130/2 508/1131/2
f 511/1133/15 500/728/15 492/727/15
f 492/727/15 508/1132/15 511/1133/15
f 509/1137/22 507/1135/22 500/1134/22
f 500/1134/22 511/1136/22 509/1137/22
f 354/1141/22 347/1139/22 351/1138/22
f 351/1138/22 353/1140/22 354/1141/22
f 352/1143/16 346/452/16 347/454/16
f 347/454/16 354/1142/16 352/1143/16
f 355/1147/2 356/1145/2 346/1144/2
f 346/1144/2 352/1146/2 355/1147/2
f 353/1149/15 351/466/15 356/468/15
f 356/468/15 355/1148/15 353/1149/15
f 341/1153/2 326/1151/2 328/1150/2
f 328/1150/2 340/1152/2 341/1153/2
f 339/1155/15 343/430/15 326/431/15
f 326/431/15 341/1154/15 339/1155/15
f 342/1159/22 338/1157/22 343/1156/22
f 343/1156/22 339/1158/22 342/1159/22
f 340/1161/16 328/432/16 338/433/16
f 338/433/16 342/1160/16 340/1161/16
f 433/1163/15 435/603/15 13/602/15
f 13/602/15 432/1162/15 433/1163/15
f 431/1167/22 430/1165/22 435/1164/22
f 435/1164/22 433/1166/22 431/1167/22
f 434/1171/16 11/1169/16 430/1168/16
f 430/1168/16 431/1170/16 434/1171/16
f 432/1175/2 13/1173/2 11/1172/2
f 11/1172/2 434/1174/2 432/1175/2
f 660/1176/15 659/302/15 662/1178/15
f 662/1178/15 661/1177/15 660/1176/15
f 663/1179/15 660/1176/15 661/1177/15
f 661/1177/15 664/1180/15 663/1179/15
f 665/1180/15 668/1177/15 667/1182/15
f 667/1182/15 666/1181/15 665/1180/15
f 668/1177/15 669/1178/15 211/1183/15
f 211/1183/15 667/1182/15 668/1177/15
f 673/1176/15 672/302/15 675/1190/15
f 675/1190/15 674/1189/15 673/1176/15
f 676/1179/15 673/1176/15 674/1189/15
f 674/1189/15 677/1191/15 676/1179/15
f 678/1191/15 681/1189/15 680/1192/15
f 680/1192/15 679/283/15 678/1191/15
f 681/1189/15 670/1190/15 671/286/15
f 671/286/15 680/1192/15 681/1189/15
f 659/1196/22 47/1194/22 669/1193/22
f 669/1193/22 662/1195/22 659/1196/22
f 660/1199/14 682/1197/14 47/51/14
f 47/51/14 659/1198/14 660/1199/14
f 662/1203/19 669/1201/19 668/1200/19
f 668/1200/19 661/1202/19 662/1203/19
f 663/1205/14 683/1204/14 682/1197/14
f 682/1197/14 660/1199/14 663/1205/14
f 661/1202/19 668/1200/19 665/1206/19
f 665/1206/19 664/1207/19 661/1202/19
f 664/1211/2 665/1209/2 683/1208/2
f 683/1208/2 663/1210/2 664/1211/2
f 672/1215/22 216/1213/22 670/1212/22
f 670/1212/22 675/1214/22 672/1215/22
f 673/1219/14 684/1217/14 216/1216/14
f 216/1216/14 672/1218/14 673/1219/14
f 675/1223/19 670/1221/19 681/1220/19
f 681/1220/19 674/1222/19 675/1223/19
f 676/1224/14 229/251/14 684/1217/14
f 684/1217/14 673/1219/14 676/1224/14
f 674/1222/19 681/1220/19 678/1225/19
f 678/1225/19 677/1226/19 674/1222/19
f 677/1230/2 678/1228/2 229/1227/2
f 229/1227/2 676/1229/2 677/1230/2
f 685/1235/16 687/1234/16 686/1233/16
f 686/1233/16 209/1232/16 685/1235/16
f 687/1234/16 689/1237/16 688/1236/16
f 688/1236/16 686/1233/16 687/1234/16
f 691/1179/16 690/1237/16 693/1234/16
f 693/1234/16 692/1176/16 691/1179/16
f 692/1176/16 693/1234/16 695/1235/16
f 695/1235/16 694/302/16 692/1176/16
f 690/1243/19 689/1241/19 687/1240/19
f 687/1240/19 693/1242/19 690/1243/19
f 691/1247/2 227/1245/2 689/1244/2
f 689/1244/2 690/1246/2 691/1247/2
f 692/1249/14 696/1238/14 227/249/14
f 227/249/14 691/1248/14 692/1249/14
f 694/1250/14 213/1239/14 696/1238/14
f 696/1238/14 692/1249/14 694/1250/14
f 693/1242/19 687/1240/19 685/1251/19
f 685/1251/19 695/1252/19 693/1242/19
f 695/1256/22 685/1254/22 213/1253/22
f 213/1253/22 694/1255/22 695/1256/22
f 700/1259/16 699/1258/16 219/276/16
f 219/276/16 698/1260/16 700/1259/16
f 702/1261/16 701/277/16 699/1258/16
f 699/1258/16 700/1259/16 702/1261/16
f 704/1179/16 703/1261/16 706/1259/16
f 706/1259/16 705/1176/16 704/1179/16
f 705/1176/16 706/1259/16 708/1260/16
f 708/1260/16 707/302/16 705/1176/16
f 703/1267/19 702/1265/19 700/1264/19
f 700/1264/19 706/1266/19 703/1267/19
f 704/1271/2 709/1269/2 702/1268/2
f 702/1268/2 703/1270/2 704/1271/2
f 705/1273/14 710/1263/14 709/1262/14
f 709/1262/14 704/1272/14 705/1273/14
f 707/1274/14 76/82/14 710/1263/14
f 710/1263/14 705/1273/14 707/1274/14
f 706/1266/19 700/1264/19 698/1275/19
f 698/1275/19 708/1276/19 706/1266/19
f 714/1280/22 712/1278/22 711/1277/22
f 711/1277/22 713/1279/22 714/1280/22
f 718/1284/28 716/1282/28 715/1281/28
f 715/1281/28 717/1283/28 718/1284/28
f 720/1288/15 243/1286/15 244/1285/15
f 244/1285/15 719/1287/15 720/1288/15
f 722/1292/28 76/1290/28 697/1289/28
f 697/1289/28 721/1291/28 722/1292/28
f 725/1296/28 723/1294/28 75/1293/28
f 75/1293/28 724/1295/28 725/1296/28
f 724/1300/29 75/1298/29 76/1297/29
f 76/1297/29 722/1299/29 724/1300/29
f 727/1304/16 717/1302/16 725/1301/16
f 725/1301/16 726/1303/16 727/1304/16
f 728/1308/28 718/1306/28 717/1305/28
f 717/1305/28 727/1307/28 728/1308/28
f 730/1312/15 720/1310/15 719/1309/15
f 719/1309/15 729/1311/15 730/1312/15
f 732/1316/30 722/1314/30 721/1313/30
f 721/1313/30 731/1315/30 732/1316/30
f 726/1320/28 725/1318/28 724/1317/28
f 724/1317/28 733/1319/28 726/1320/28
f 733/1324/29 724/1322/29 722/1321/29
f 722/1321/29 732/1323/29 733/1324/29
f 247/1328/16 727/1326/16 726/1325/16
f 726/1325/16 224/1327/16 247/1328/16
f 246/1332/31 728/1330/31 727/1329/31
f 727/1329/31 247/1331/31 246/1332/31
f 735/1336/15 730/1334/15 729/1333/15
f 729/1333/15 734/1335/15 735/1336/15
f 225/1340/32 732/1338/32 731/1337/32
f 731/1337/32 222/1339/32 225/1340/32
f 224/1344/33 726/1342/33 733/1341/33
f 733/1341/33 223/1343/33 224/1344/33
f 223/1348/34 733/1346/34 732/1345/34
f 732/1345/34 225/1347/34 223/1348/34
f 737/1352/35 716/1350/35 718/1349/35
f 718/1349/35 736/1351/35 737/1352/35
f 739/1356/35 738/1354/35 716/1353/35
f 716/1353/35 737/1355/35 739/1356/35
f 740/1358/19 218/274/19 738/271/19
f 738/271/19 739/1357/19 740/1358/19
f 741/1362/30 697/1360/30 218/1359/30
f 218/1359/30 740/1361/30 741/1362/30
f 742/1366/30 721/1364/30 697/1363/30
f 697/1363/30 741/1365/30 742/1366/30
f 736/1370/35 718/1368/35 728/1367/35
f 728/1367/35 743/1369/35 736/1370/35
f 744/1374/30 731/1372/30 721/1371/30
f 721/1371/30 742/1373/30 744/1374/30
f 743/1378/36 728/1376/36 246/1375/36
f 246/1375/36 745/1377/36 743/1378/36
f 746/1382/37 222/1380/37 731/1379/37
f 731/1379/37 744/1381/37 746/1382/37
f 745/1386/14 246/1384/14 222/1383/14
f 222/1383/14 746/1385/14 745/1386/14
f 748/1390/35 737/1388/35 736/1387/35
f 736/1387/35 747/1389/35 748/1390/35
f 749/1394/35 739/1392/35 737/1391/35
f 737/1391/35 748/1393/35 749/1394/35
f 750/1396/19 740/1358/19 739/1357/19
f 739/1357/19 749/1395/19 750/1396/19
f 751/1400/30 741/1398/30 740/1397/30
f 740/1397/30 750/1399/30 751/1400/30
f 752/1404/30 742/1402/30 741/1401/30
f 741/1401/30 751/1403/30 752/1404/30
f 747/1408/35 736/1406/35 743/1405/35
f 743/1405/35 753/1407/35 747/1408/35
f 754/1412/30 744/1410/30 742/1409/30
f 742/1409/30 752/1411/30 754/1412/30
f 753/1416/36 743/1414/36 745/1413/36
f 745/1413/36 755/1415/36 753/1416/36
f 756/1420/37 746/1418/37 744/1417/37
f 744/1417/37 754/1419/37 756/1420/37
f 755/1422/14 745/1386/14 746/1385/14
f 746/1385/14 756/1421/14 755/1422/14
f 244/1426/29 748/1424/29 747/1423/29
f 747/1423/29 719/1425/29 244/1426/29
f 242/1430/29 749/1428/29 748/1427/29
f 748/1427/29 244/1429/29 242/1430/29
f 245/1432/19 750/1396/19 749/1395/19
f 749/1395/19 242/1431/19 245/1432/19
f 243/1436/28 751/1434/28 750/1433/28
f 750/1433/28 245/1435/28 243/1436/28
f 720/1440/28 752/1438/28 751/1437/28
f 751/1437/28 243/1439/28 720/1440/28
f 719/1444/29 747/1442/29 753/1441/29
f 753/1441/29 729/1443/29 719/1444/29
f 730/1448/28 754/1446/28 752/1445/28
f 752/1445/28 720/1447/28 730/1448/28
f 729/1452/34 753/1450/34 755/1449/34
f 755/1449/34 734/1451/34 729/1452/34
f 735/1456/31 756/1454/31 754/1453/31
f 754/1453/31 730/1455/31 735/1456/31
f 734/1458/14 755/1422/14 756/1421/14
f 756/1421/14 735/1457/14 734/1458/14
f 760/1233/16 759/1461/16 758/1460/16
f 758/1460/16 761/1232/16 760/1233/16
f 764/1236/16 763/1462/16 762/1461/16
f 762/1461/16 765/1233/16 764/1236/16
f 715/1463/16 766/1236/16 768/1233/16
f 768/1233/16 767/1464/16 715/1463/16
f 767/1464/16 768/1233/16 757/1232/16
f 757/1232/16 723/1465/16 767/1464/16
f 772/1478/19 770/1476/19 220/272/19
f 220/272/19 771/1477/19 772/1478/19
f 776/1482/14 774/1480/14 773/1479/14
f 773/1479/14 775/1481/14 776/1482/14
f 771/1486/22 220/1484/22 757/1483/22
f 757/1483/22 777/1485/22 771/1486/22
f 778/1487/19 769/273/19 770/1476/19
f 770/1476/19 772/1478/19 778/1487/19
f 779/1491/2 766/1489/2 769/1488/2
f 769/1488/2 778/1490/2 779/1491/2
f 775/1481/14 773/1479/14 780/1492/14
f 780/1492/14 781/1493/14 775/1481/14
f 762/1495/19 772/1478/19 771/1477/19
f 771/1477/19 782/1494/19 762/1495/19
f 784/1497/14 776/1482/14 775/1481/14
f 775/1481/14 783/1496/14 784/1497/14
f 782/1501/28 771/1499/28 777/1498/28
f 777/1498/28 785/1500/28 782/1501/28
f 763/1502/19 778/1487/19 772/1478/19
f 772/1478/19 762/1495/19 763/1502/19
f 764/1506/29 779/1504/29 778/1503/29
f 778/1503/29 763/1505/29 764/1506/29
f 783/1496/14 775/1481/14 781/1493/14
f 781/1493/14 786/1507/14 783/1496/14
f 788/1511/15 768/1509/15 766/1508/15
f 766/1508/15 787/1510/15 788/1511/15
f 790/1515/16 764/1513/16 765/1512/16
f 765/1512/16 789/1514/16 790/1515/16
f 792/1519/31 785/1517/31 777/1516/31
f 777/1516/31 791/1518/31 792/1519/31
f 794/1514/16 760/1512/16 761/1520/16
f 761/1520/16 793/1521/16 794/1514/16
f 795/1523/15 757/1522/15 768/1509/15
f 768/1509/15 788/1511/15 795/1523/15
f 796/1527/34 779/1525/34 764/1524/34
f 764/1524/34 790/1526/34 796/1527/34
f 791/1531/31 777/1529/31 757/1528/31
f 757/1528/31 795/1530/31 791/1531/31
f 787/1535/34 766/1533/34 779/1532/34
f 779/1532/34 796/1534/34 787/1535/34
f 798/1539/38 788/1537/38 787/1536/38
f 787/1536/38 797/1538/38 798/1539/38
f 800/1543/39 790/1541/39 789/1540/39
f 789/1540/39 799/1542/39 800/1543/39
f 802/1547/40 792/1545/40 791/1544/40
f 791/1544/40 801/1546/40 802/1547/40
f 804/1550/39 794/1540/39 793/1548/39
f 793/1548/39 803/1549/39 804/1550/39
f 805/1552/38 795/1551/38 788/1537/38
f 788/1537/38 798/1539/38 805/1552/38
f 806/1556/41 796/1554/41 790/1553/41
f 790/1553/41 800/1555/41 806/1556/41
f 801/1560/40 791/1558/40 795/1557/40
f 795/1557/40 805/1559/40 801/1560/40
f 797/1564/41 787/1562/41 796/1561/41
f 796/1561/41 806/1563/41 797/1564/41
f 808/1568/15 798/1566/15 797/1565/15
f 797/1565/15 807/1567/15 808/1568/15
f 810/1572/16 800/1570/16 799/1569/16
f 799/1569/16 809/1571/16 810/1572/16
f 812/1576/42 802/1574/42 801/1573/42
f 801/1573/42 811/1575/42 812/1576/42
f 814/1571/16 804/1578/16 803/1577/16
f 803/1577/16 813/1579/16 814/1571/16
f 815/1581/15 805/1580/15 798/1566/15
f 798/1566/15 808/1568/15 815/1581/15
f 816/1585/43 806/1583/43 800/1582/43
f 800/1582/43 810/1584/43 816/1585/43
f 811/1589/42 801/1587/42 805/1586/42
f 805/1586/42 815/1588/42 811/1589/42
f 807/1593/43 797/1591/43 806/1590/43
f 806/1590/43 816/1592/43 807/1593/43
f 773/1597/15 808/1595/15 807/1594/15
f 807/1594/15 780/1596/15 773/1597/15
f 786/1601/16 810/1599/16 809/1598/16
f 809/1598/16 783/1600/16 786/1601/16
f 784/1605/44 812/1603/44 811/1602/44
f 811/1602/44 776/1604/44 784/1605/44
f 818/1600/16 814/1598/16 813/1606/16
f 813/1606/16 817/1607/16 818/1600/16
f 774/1609/15 815/1608/15 808/1595/15
f 808/1595/15 773/1597/15 774/1609/15
f 781/1613/45 816/1611/45 810/1610/45
f 810/1610/45 786/1612/45 781/1613/45
f 776/1617/44 811/1615/44 815/1614/44
f 815/1614/44 774/1616/44 776/1617/44
f 780/1621/45 807/1619/45 816/1618/45
f 816/1618/45 781/1620/45 780/1621/45
f 712/1625/46 698/1623/46 76/1622/46
f 76/1622/46 711/1624/46 712/1625/46
f 711/1627/19 76/1275/19 707/1276/19
f 707/1276/19 713/1626/19 711/1627/19
f 714/1629/14 708/1274/14 698/82/14
f 698/82/14 712/1628/14 714/1629/14
f 713/1633/47 707/1631/47 708/1630/47
f 708/1630/47 714/1632/47 713/1633/47
f 759/1635/19 762/1495/19 782/1494/19
f 782/1494/19 758/1634/19 759/1635/19
f 760/1639/48 765/1637/48 762/1636/48
f 762/1636/48 759/1638/48 760/1639/48
f 761/1643/49 785/1641/49 792/1640/49
f 792/1640/49 793/1642/49 761/1643/49
f 758/1647/50 782/1645/50 785/1644/50
f 785/1644/50 761/1646/50 758/1647/50
f 794/1651/51 789/1649/51 765/1648/51
f 765/1648/51 760/1650/51 794/1651/51
f 793/1655/52 792/1653/52 802/1652/52
f 802/1652/52 803/1654/52 793/1655/52
f 804/1659/53 799/1657/53 789/1656/53
f 789/1656/53 794/1658/53 804/1659/53
f 803/1663/54 802/1661/54 812/1660/54
f 812/1660/54 813/1662/54 803/1663/54
f 814/1667/55 809/1665/55 799/1664/55
f 799/1664/55 804/1666/55 814/1667/55
f 813/1671/56 812/1669/56 784/1668/56
f 784/1668/56 817/1670/56 813/1671/56
f 818/1675/57 783/1673/57 809/1672/57
f 809/1672/57 814/1674/57 818/1675/57
f 817/1677/14 784/1497/14 783/1496/14
f 783/1496/14 818/1676/14 817/1677/14

